-- phpMyAdmin SQL Dump
-- version 5.2.1
-- https://www.phpmyadmin.net/
--
-- Servidor: 127.0.0.1
-- Tiempo de generación: 14-01-2025 a las 18:29:48
-- Versión del servidor: 10.4.32-MariaDB
-- Versión de PHP: 8.2.12

SET SQL_MODE = "NO_AUTO_VALUE_ON_ZERO";
START TRANSACTION;
SET time_zone = "+00:00";


/*!40101 SET @OLD_CHARACTER_SET_CLIENT=@@CHARACTER_SET_CLIENT */;
/*!40101 SET @OLD_CHARACTER_SET_RESULTS=@@CHARACTER_SET_RESULTS */;
/*!40101 SET @OLD_COLLATION_CONNECTION=@@COLLATION_CONNECTION */;
/*!40101 SET NAMES utf8mb4 */;

--
-- Base de datos: `sigeauio`
--

-- --------------------------------------------------------

--
-- Estructura de tabla para la tabla `alumnos`
--

CREATE TABLE `alumnos` (
  `nC` varchar(10) NOT NULL COMMENT 'Número de Control',
  `ma` varchar(100) DEFAULT NULL COMMENT 'Matricula',
  `aP` varchar(100) DEFAULT NULL COMMENT 'Apellido Paterno',
  `aM` varchar(100) DEFAULT NULL COMMENT 'Apellido Materno',
  `nom` varchar(100) DEFAULT NULL COMMENT 'Nombre',
  `cM` int(11) DEFAULT NULL COMMENT 'Lugar de Nacimiento (Municipio)',
  `fN` date DEFAULT NULL COMMENT 'Fecha de Nacimiento',
  `ed` int(11) DEFAULT NULL COMMENT 'Edad',
  `cu` varchar(18) DEFAULT NULL COMMENT 'CURP',
  `se` varchar(10) NOT NULL COMMENT 'Sexo',
  `ca` varchar(100) DEFAULT NULL COMMENT 'Calle',
  `cCo` int(11) NOT NULL COMMENT 'Clave colonia',
  `ts` varchar(5) DEFAULT NULL COMMENT 'Tipo de Sangre',
  `af` varchar(200) DEFAULT NULL COMMENT 'Alergias o Enfermedades',
  `te` varchar(15) DEFAULT NULL COMMENT 'Teléfono',
  `em` varchar(100) DEFAULT NULL COMMENT 'Correo electrónico'
) ENGINE=InnoDB DEFAULT CHARSET=utf8 COLLATE=utf8_spanish2_ci;

--
-- Volcado de datos para la tabla `alumnos`
--

INSERT INTO `alumnos` (`nC`, `ma`, `aP`, `aM`, `nom`, `cM`, `fN`, `ed`, `cu`, `se`, `ca`, `cCo`, `ts`, `af`, `te`, `em`) VALUES
('24UIO0001', 'MAT00001', 'ESTRADA', 'HERNANDEZ', 'ESTHER', 4, '2009-01-25', 15, 'EST55GT5T45445G4T5', 'Femenino', 'SAN CARLOS', 547, 'A+', 'MIOPÍA/ASTIGMATISMO', '9356245122', 'ESTHER@GMAIL.COM'),
('24UIO0002', 'MAT00004', 'PEREZ', 'LOPEZ', 'CARLOS', 9, '2002-05-10', 22, 'CARL025154FDF454FD', 'Masculino', 'JALAPA', 360, 'A+', 'MIOPÍA/ASTIGMATISMO', '8965454484', 'CAR@GMAIL.COM'),
('24UIO0003', 'MAT00003', 'CRUZ', 'HERNANDEZ', 'ERICK', 12, '2002-11-29', 22, 'CARL025154FDF454FD', 'Masculino', 'SAN CARLOS', 547, 'A+', 'MIOPÍA/ASTIGMATISMO', '9356245122', 'ERICK@GMAIL.COM'),
('24UIO0004', 'MAT00004', 'REYES', 'ZACARIAS', 'FERNANDO', 5, '1995-11-29', 29, 'FER85N497HF48HF74H', 'Masculino', 'C. REFORMA 305', 159, 'A+', 'NINGUNA', '9356245122', 'FER@GMAIL.COM'),
('24UIO0005', 'MAT00005', 'ALOR', 'PEREZ', 'JOSE EDUARDO', 12, '2002-01-25', 22, 'JOSEU898DC98SD8CDD', 'Masculino', 'SAN CARLOS', 547, 'B+', 'NINGUNA', '6645484984', 'JOSE@GMAIL.COM'),
('24UIO0006', 'MAT00005', 'BOCANEGRA', 'MONREAL', 'PAOLA', 12, '2000-05-05', 24, 'PAO9493J4F8J489J39', 'Femenino', 'SAN CARLOS', 547, 'B+', 'NINGUNA', '9664984654', 'PAO@GMAIL.COM'),
('25UIO0001', 'MAT00008', 'EMIR', 'SALVADOR', 'JORGE', 3, '2002-11-29', 22, 'EMIR484UR84U8F488U', 'Masculino', 'SAN CARLOS', 26, '', '', '9356245122', 'ANZURES@GMAIL.COM');

-- --------------------------------------------------------

--
-- Estructura de tabla para la tabla `asistencias`
--

CREATE TABLE `asistencias` (
  `id` int(11) NOT NULL,
  `nC` varchar(20) NOT NULL,
  `estado` enum('Si','No','Ju') NOT NULL,
  `fecha` date NOT NULL
) ENGINE=InnoDB DEFAULT CHARSET=utf8 COLLATE=utf8_spanish2_ci;

--
-- Volcado de datos para la tabla `asistencias`
--

INSERT INTO `asistencias` (`id`, `nC`, `estado`, `fecha`) VALUES
(44, '24UIO0001', 'No', '2025-01-13'),
(45, '24UIO0002', 'Ju', '2025-01-13'),
(46, '24UIO0005', 'No', '2025-01-13'),
(47, '24UIO0006', 'Si', '2025-01-13'),
(48, '24UIO0003', 'Si', '2025-01-13'),
(49, '24UIO0004', 'No', '2025-01-13'),
(51, '24UIO0001', 'No', '2025-01-14'),
(52, '24UIO0002', 'Si', '2025-01-14'),
(53, '24UIO0005', 'Si', '2025-01-14'),
(54, '24UIO0006', 'No', '2025-01-14');

-- --------------------------------------------------------

--
-- Estructura de tabla para la tabla `bitacora`
--

CREATE TABLE `bitacora` (
  `cv` int(11) NOT NULL COMMENT 'Clave de Registro',
  `cU` int(11) DEFAULT NULL COMMENT 'Clave del Usuario',
  `ac` varchar(200) DEFAULT NULL COMMENT 'Acción',
  `fe` date DEFAULT NULL COMMENT 'Fecha',
  `ho` time NOT NULL COMMENT 'Hora'
) ENGINE=InnoDB DEFAULT CHARSET=utf8 COLLATE=utf8_spanish2_ci;

--
-- Volcado de datos para la tabla `bitacora`
--

INSERT INTO `bitacora` (`cv`, `cU`, `ac`, `fe`, `ho`) VALUES
(2274, 12, 'Eliminó el pago PAUIO0003 del alumno ESTHER ESTRADA HERNANDEZ', '2025-01-14', '11:22:53'),
(2275, 12, 'Inicio de Sesión', '2025-01-14', '11:29:33');

-- --------------------------------------------------------

--
-- Estructura de tabla para la tabla `carreras`
--

CREATE TABLE `carreras` (
  `cv` varchar(20) NOT NULL COMMENT 'Clave de la Carrera',
  `ca` varchar(100) DEFAULT NULL COMMENT 'Carrera',
  `cN` int(11) DEFAULT NULL COMMENT 'Clave del nivel'
) ENGINE=InnoDB DEFAULT CHARSET=utf8 COLLATE=utf8_spanish2_ci;

--
-- Volcado de datos para la tabla `carreras`
--

INSERT INTO `carreras` (`cv`, `ca`, `cN`) VALUES
('DAAD', 'ADMINISTRACION Y ALTA DIRECCION', 4),
('DIA', 'INTELIGENCIA ART', 4),
('DJO', 'JUICIOS ORALES', 4),
('DLO', 'DERECHO LABORAL ORAL', 4),
('DNUT', 'NUTRICIÓN', 4),
('DSC', 'SISTEMAS COMPUTACIONALES', 4),
('LAE', 'ADMINISTRACION DE EMPRESAS', 2),
('LARQ', 'ARQUITECTURA', 2),
('LBR', 'BIENES RAICES', 2),
('LD', 'DERECHO', 2),
('LEF', 'ECONOMIA Y FINANZAS', 2),
('LEMIP', 'ESTILISMO MAQUILLAJ', 2),
('LIA', 'INGENIERIA AUTOMOTRIZ', 2),
('LIEA', 'INGENIERIA EN ALIMENTOS', 2),
('LIESC', 'INGENIERIA EN SISTEMAS COMPUTACIONALES', 2),
('LII', 'INGENIERIA INDUSTRIAL', 2),
('LIOMD', 'INGENIERIA EN OPERACIÓN Y MANTENIMIENTO DE DRONES', 2),
('LIP', 'INGENIERIA PETROLERA', 2),
('LNUT', 'NUTRICIÓN', 2),
('LP', 'PEDAGOGIA', 2),
('LPMD', 'PUBLICIDAD Y MARKETING DIGITAL', 2),
('LTS', 'TRABAJO SOCIAL', 2),
('MA', 'AUDITORIA', 3),
('MALE', 'ADMINISTRACION Y LIDERAZGO EDUCATIVO', 3),
('MARQ', 'ARQUITECTURA', 3),
('MCCE', 'CIENCIAS COMPUTACIONALES EXPERTOS', 3),
('MCDLC', 'CIENCIAS DE LA COMPUTACION', 3),
('MCIB', 'CIBERSEGURIDAD', 3),
('MEI', 'EDUCACION INCLUSIVA', 3),
('MIDF', 'IMPUESTO Y DEFENSA FISCAL', 3),
('MJO', 'JUICIOS ORALES', 3),
('MNUT', 'NUTRICIÓN', 3),
('MPE', 'PSICOLOGIA EDUCATIVA', 3),
('MPEH', 'PRODUCCION Y EXPLORACION DE HIDROCARBUROS', 3),
('MPET', 'PETROLERA', 3),
('MPS', 'PSICOPEDAGOGIA', 3),
('MSM', 'SISTEMAS COMPUTACIONALES', 3),
('MSPA', 'SISTEMA PENAL ACUSATORIO', 3),
('MSPICA', 'SEGURIDAD Y PROTECCION INDUSTRIAL COSTA AFUERA', 3);

-- --------------------------------------------------------

--
-- Estructura de tabla para la tabla `cctescuelas`
--

CREATE TABLE `cctescuelas` (
  `cct` varchar(20) NOT NULL COMMENT 'CCT',
  `es` varchar(500) NOT NULL COMMENT 'Nombre escuela',
  `ca` varchar(500) NOT NULL COMMENT 'Calle de la escuela',
  `cM` int(11) NOT NULL COMMENT 'Clave municipio'
) ENGINE=InnoDB DEFAULT CHARSET=utf8 COLLATE=utf8_spanish2_ci;

--
-- Volcado de datos para la tabla `cctescuelas`
--

INSERT INTO `cctescuelas` (`cct`, `es`, `ca`, `cM`) VALUES
('27DCM0001D', 'CENTRO DE ESTUDIOS TECNOLOGICOS DEL MAR NUM. 38', 'CALLE MAGISTERIAL', 14),
('27DCM0003B', 'CENTRO DE ESTUDIOS TECNOLOGICOS DEL MAR NUM. 19', 'CALLE FRANCISCO JAVIER MINA', 3),
('27DCT0003L', 'CENTRO DE BACHILLERATO TECNOLOGICO INDUSTRIAL Y DE SERVICIOS NUM. 167', 'AVENIDA CHIAPAS', 7),
('27DCT0004K', 'CENTRO DE BACHILLERATO TECNOLOGICO INDUSTRIAL Y DE SERVICIOS NUM. 163', 'CALLE REVOLUCIÓN', 4),
('27DCT0005J', 'CENTRO DE ESTUDIOS TECNOLOGICOS INDUSTRIAL Y DE SERVICIOS NUM. 70', 'AVENIDA INDUSTRIA NACIONAL MEXICANA', 4),
('27DCT0006I', 'CENTRO DE ESTUDIOS TECNOLOGICOS INDUSTRIAL Y DE SERVICIOS NUM. 40', 'AVENIDA DOMINGO COLÍN', 6),
('27DCT0169T', 'CENTRO DE BACHILLERATO TECNOLOGICO INDUSTRIAL Y DE SERVICIOS NUM. 32', 'AVENIDA ESPERANZA IRIS', 4),
('27DCT0249E', 'CENTRO DE BACHILLERATO TECNOLOGICO INDUSTRIAL Y DE SERVICIOS NUM. 249', 'CALLE NIÑOS HÉROES', 17),
('27DCT0326T', 'CENTRO DE BACHILLERATO TECNOLOGICO INDUSTRIAL Y DE SERVICIOS NUM. 93', 'PROLONGACIÓN PERIFÉRICO SUR CARLOS A. MOLINA', 2),
('27DER0001X', 'CENTRO DE ATENCIÓN PARA ESTUDIANTES CON DISCAPACIDAD, CECATI 044', 'CALLE NINGUNO', 2),
('27DER0002W', 'CENTRO DE ATENCIÓN PARA ESTUDIANTES CON DISCAPACIDAD, CETMAR 019', 'CALLE FRANCISCO JAVIER MINA', 3),
('27DER0003V', 'CENTRO DE ATENCIÓN PARA ESTUDIANTES CON DISCAPACIDAD, CBTIS 163', 'CALLE REVOLUCIÓN', 4),
('27DER0004U', 'CENTRO DE ATENCIÓN PARA ESTUDIANTES CON DISCAPACIDAD, CETIS 040', 'AVENIDA DOMINGO COLÍN', 6),
('27DER0005T', 'CENTRO DE ATENCIÓN PARA ESTUDIANTES CON DISCAPACIDAD, CBTIS 249', 'CALLE NIÑOS HÉROES', 17),
('27DIB0014W', 'ESCUELA DE INICIACION ARTISTICA', 'PROLONGACIÓN HIDALGO VIA PERIFÉRICO', 8),
('27DIT0001H', 'INSTITUTO TECNOLOGICO DE VILLAHERMOSA', 'CALLE HAMACA', 4),
('27DIT0002G', 'INSTITUTO TECNOLOGICO DE LA ZONA OLMECA', 'PROLONGACIÓN DE IGNACIO ZARAGOZA', 4),
('27DIT0003F', 'INSTITUTO TECNOLOGICO DE LA CHONTALPA', 'CALLE EJIDO RIVERA ALTA', 13),
('27DIT0004E', 'INSTITUTO TECNOLOGICO DE HUIMANGUILLO', 'PROLONGACIÓN HIDALGO VIA PERIFÉRICO', 8),
('27DLT0001V', 'INSTITUTO DE EDUCACION SUPERIOR DEL MAGISTERIO', 'CALLE EUSEBIO CASTILLO', 4),
('27DNL0001K', 'ESCUELA NORMAL URBANA', 'PERIFÉRICO ANILLO ', 1),
('27DPT0001R', 'PLANTEL CONALEP 052. CARDENAS', 'CALLE SANCHEZ MAGALLANES', 2),
('27DPT0002Q', 'PLANTEL CONALEP 051. VILLAHERMOSA I', 'CALLE CONGRESO DE CHILPANCINGO', 4),
('27DPT0003P', 'PLANTEL CONALEP 098. VILLAHERMOSA II', 'PERIFÉRICO CARLOS PELLICER CAMARA', 4),
('27DPT0004O', 'PLANTEL CONALEP 099. LIC. MANRIQUE DAGDUG URGELL', 'AVENIDA DE LA JUVENTUD EDIFICIO CAPEP', 8),
('27DPT0005N', 'PLANTEL CONALEP 053. MACUSPANA', 'PROLONGACIÓN ALATORRE', 12),
('27DPT0006M', 'PLANTEL CONALEP 100. PARAISO', 'PROLONGACIÓN SANTOS DEGOLLADO', 14),
('27DPT0007L', 'PLANTEL CONALEP 291. COMALCALCO', 'AVENIDA OTTO WOLTER PERALTA', 5),
('27DSU0001N', 'EL COLEGIO DE LA FRONTERA SUR', 'CALLE RANCHERIA GUINEO SEGUNDA SECCION', 4),
('27DTA0054U', 'CENTRO DE BACHILLERATO TECNOLOGICO AGROPECUARIO NUM. 054', 'CALLE CARRETERA FEDERAL LIBRE 180 TRAMO VILLAHERMOSA-CIUDAD DEL CARMEN KILOMETRO 14+500', 4),
('27DTA0082Q', 'CENTRO DE BACHILLERATO TECNOLOGICO AGROPECUARIO NUM. 082', 'AVENIDA CARLOS ALBERTO MADRAZO', 1),
('27DTA0093W', 'CENTRO DE BACHILLERATO TECNOLOGICO AGROPECUARIO NUM. 093', 'CALLE CARRETERA MUNICIPAL LIBRE TRAMO TACOTALPA-CEIBITA 2DA. SECCION KILOMETRO 0+500', 15),
('27DTA0094V', 'CENTRO DE BACHILLERATO TECNOLOGICO AGROPECUARIO NUM. 094', 'CALLE 27 DE FEBRERO', 10),
('27DTA0095U', 'CENTRO DE BACHILLERATO TECNOLOGICO AGROPECUARIO NUM. 095', 'CALLE CARRETERA ESTATAL LIBRE TRAMO POBLADO C-26 (GENERAL PEDRO C. COLORADO-POBLADO C-22 LICENCIADO JOSE MARIA PINO SUAREZ KILOMETRO 7+000', 2),
('27DTA0144M', 'CENTRO DE BACHILLERATO TECNOLOGICO AGROPECUARIO NUM. 144', 'CALLE PINO SUAREZ ', 11),
('27DTA0199P', 'CENTRO DE BACHILLERATO TECNOLOGICO AGROPECUARIO NUM. 199', 'CALLE VILLA DE ALDAMA', 5),
('27DTA0200O', 'CENTRO DE BACHILLERATO TECNOLOGICO AGROPECUARIO NUM. 200', 'CALLE VILLA ', 2),
('27DTA0265Y', 'CENTRO DE BACHILLERATO TECNOLOGICO AGROPECUARIO NUM. 265', 'CALLE VILLA QUETZALCOATL', 1),
('27DTA0266X', 'CENTRO DE BACHILLERATO TECNOLOGICO AGROPECUARIO NUM. 266', 'PROLONGACIÓN DE LA CALLE', 2),
('27DTA0267W', 'CENTRO DE BACHILLERATO TECNOLOGICO AGROPECUARIO NUM. 267', 'AMPLIACIÓN LA VICTORIA EJIDO CAOBANAL PRIMERA SECCION', 8),
('27DTA0268V', 'CENTRO DE BACHILLERATO TECNOLOGICO AGROPECUARIO NUM. 268', 'CALLE RANCHERIA BONANZA (CARRETERA DE ACCESO A LA RANCHERIA) KILOMETRO 45', 12),
('27DUP0001Q', 'UNIDAD UPN 271', 'CALLE RIO USUMACINTA', 4),
('27EAL0001F', 'ESCUELA ESTATAL DE DANZA', 'BOULEVARD ADOLFO RUIZ CORTINEZ', 4),
('27EAL0002E', 'ESCUELA ESTATAL DE MUSICA', 'BOULEVARD ADOLFO RUIZ CORTINEZ', 4),
('27EBW0001K', 'BACHILLERATO INTERCULTURAL PLANTEL 001 GUATACALCA', 'NINGUNO NINGUNO', 13),
('27EBW0002J', 'BACHILLERATO INTERCULTURAL PLANTEL 002 MELCHOR OCAMPO', 'NINGUNO NINGUNO', 12),
('27ECB0001X', 'COLEGIO DE BACHILLERES PLANTEL NUM. 1', 'CIRCUITO VELÓDROMO CIUDAD DEPORTIVA', 4),
('27ECB0003V', 'COLEGIO DE BACHILLERES PLANTEL NUM. 2', 'CALLE SEGUNDA CERRADA DE NIÑO ARTILLERO', 4),
('27ECB0005T', 'COLEGIO DE BACHILLERES PLANTEL NUM. 3', 'CALLE UNIDAD DEPORTIVA', 5),
('27ECB0006S', 'COLEGIO DE BACHILLERES PLANTEL NUM. 4', 'PROLONGACIÓN DE PIPILA', 12),
('27ECB0007R', 'COLEGIO DE BACHILLERES PLANTEL NUM. 5', 'CALLE OLIVO FRACC. LOS REYES LOMA ALTA', 2),
('27ECB0008Q', 'COLEGIO DE BACHILLERES PLANTEL NUM. 6', 'AVENIDA ZARAGOZA', 6),
('27ECB0009P', 'COLEGIO DE BACHILLERES PLANTEL NUM. 7', 'PROLONGACIÓN HIDALGO VIA PERIFÉRICO', 8),
('27ECB0010E', 'COLEGIO DE BACHILLERES PLANTEL NUM. 8', 'AVENIDA MONTECRISTO', 7),
('27ECB0011D', 'COLEGIO DE BACHILLERES PLANTEL NUM. 9', 'AVENIDA 21 DE MARZO', 16),
('27ECB0012C', 'COLEGIO DE BACHILLERES PLANTEL NUM. 10', 'CALLE 18 DE MARZO', 12),
('27ECB0013B', 'COLEGIO DE BACHILLERES PLANTEL NUM. 11', 'PROLONGACIÓN PINO SUAREZ (CASA MAGISTERIAL)', 9),
('27ECB0014A', 'COLEGIO DE BACHILLERES PLANTEL NUM. 12', 'PROLONGACIÓN MINA', 3),
('27ECB0015Z', 'COLEGIO DE BACHILLERES PLANTEL NUM. 13', 'CALLE 20', 17),
('27ECB0016Z', 'COLEGIO DE BACHILLERES PLANTEL NUM. 14', 'PROLONGACIÓN DE JOSEFA ORTIZ DE DOMINGUEZ', 10),
('27ECB0017Y', 'COLEGIO DE BACHILLERES PLANTEL NUM. 15', 'CALLE CARRETERA SANCHEZ MAGALLANES-CARDENAS', 8),
('27ECB0018X', 'COLEGIO DE BACHILLERES PLANTEL NUM. 16', 'CALLE CALIXTO MERINO BASTAR', 15),
('27ECB0019W', 'COLEGIO DE BACHILLERES PLANTEL NUM. 17', 'CALLE CHONTALPA', 2),
('27ECB0020L', 'COLEGIO DE BACHILLERES PLANTEL NUM. 18', 'CALLE BENITO JUÁREZ', 3),
('27ECB0021K', 'COLEGIO DE BACHILLERES PLANTEL NUM. 19', 'CALLE POBLADO OXOLOTAN', 15),
('27ECB0022J', 'COLEGIO DE BACHILLERES PLANTEL NUM. 20', 'CALLE EMILIANO ZAPATA', 5),
('27ECB0023I', 'COLEGIO DE BACHILLERES PLANTEL NUM. 21', 'CALLE POBLADO TAPOTZINGO', 13),
('27ECB0024H', 'COLEGIO DE BACHILLERES PLANTEL NUM. 22', 'CALLE BENITO JUÁREZ GARCÍA', 12),
('27ECB0025G', 'COLEGIO DE BACHILLERES PLANTEL NUM. 23', 'CALLE VILLA EL TRIUNFO', 1),
('27ECB0027E', 'COLEGIO DE BACHILLERES PLANTEL NUM. 24', 'CALLE RANCHO PARRILLA II LOS CLAUSTROS', 4),
('27ECB0028D', 'COLEGIO DE BACHILLERES PLANTEL NUM. 25', 'CALLE VILLA TAMULTE DE LAS SABANAS', 4),
('27ECB0029C', 'COLEGIO DE BACHILLERES PLANTEL NUM. 27', 'CALLE TABASCOOB', 13),
('27ECB0030S', 'COLEGIO DE BACHILLERES PLANTEL NUM. 31', 'CALLE UNIDAD AGROPECUARIA POBLADO C-41', 8),
('27ECB0031R', 'COLEGIO DE BACHILLERES PLANTEL NUM. 28', 'CALLE PASEO DE LAS FLORES', 4),
('27ECB0032Q', 'COLEGIO DE BACHILLERES PLANTEL NUM. 29', 'CALLE UXPANAPA', 4),
('27ECB0033P', 'COLEGIO DE BACHILLERES PLANTEL NUM. 30', 'CALLE CHOCO TABASQUENO ', 4),
('27ECB0034O', 'COLEGIO DE BACHILLERES PLANTEL NUM. 26', 'NINGUNO CARRETERA ESTATAL LIBRE TRAMO ENTRONQUE (PASO DE CUNDUACÁN-ESTACIÓN JUÁREZ)-GONZÁLEZ 4TA. SECCIÓN KILÓMETRO 0+700', 4),
('27ECB0035N', 'COLEGIO DE BACHILLERES PLANTEL NUM. 32', 'CALLE POBLADO LIBERTAD', 6),
('27ECB0036M', 'COLEGIO DE BACHILLERES PLANTEL NUM. 33', 'CALLE VILLA LUIS GIL PEREZ', 4),
('27ECB0037L', 'COLEGIO DE BACHILLERES PLANTEL NUM. 34', 'CALLE RANCHERIA MOCTEZUMA PRIMERA SECCION CARRETERA VECINAL', 14),
('27ECB0038K', 'COLEGIO DE BACHILLERES PLANTEL NUM. 35', 'PROLONGACIÓN GUADALUPE VICTORIA', 2),
('27ECB0039J', 'COLEGIO DE BACHILLERES PLANTEL NUM. 36', 'PROLONGACIÓN CARLOS ALBERTO MADRAZO', 1),
('27ECB0040Z', 'CENTRO DE ENSENANZA ABIERTA', 'CALLE LINO MERINO', 4),
('27ECB0041Y', 'COLEGIO DE BACHILLERES PLANTEL NUM. 37', 'CALLE TERCER MILENIO VILLA MACULTEPEC', 4),
('27ECB0042X', 'COLEGIO DE BACHILLERES PLANTEL NUM. 38', 'CALLE POBLADO CORONEL GREGORIO MENDEZ MAGAÑA C-28', 2),
('27ECB0043W', 'COLEGIO DE BACHILLERES PLANTEL NUM. 39', 'CALLE RANCHERIA EL TIGRE', 13),
('27ECB0044V', 'COLEGIO DE BACHILLERES PLANTEL NUM. 40', 'CALLE VILLA CHONTALPA', 8),
('27ECB0045U', 'COLEGIO DE BACHILLERES PLANTEL NUM. 41', 'CALLE POBLADO MIGUEL HIDALGO SEGUNDA SECCION', 2),
('27ECB0046T', 'COLEGIO DE BACHILLERES PLANTEL NUM. 42', 'CALLE NINGUNO', 6),
('27ECB0047S', 'COLEGIO DE BACHILLERES PLANTEL NUM. 43', 'CALLE SECTOR EL JOBO ', 3),
('27ECB0048R', 'COLEGIO DE BACHILLERES PLANTEL NUM. 44', 'CALLE POBLADO QUINTIN ARAUZ', 3),
('27ECB0049Q', 'COLEGIO DE BACHILLERES PLANTEL 45', 'CALLE EJIDO LA RAYA ZARAGOZA', 15),
('27ECB0050F', 'COLEGIO DE BACHILLERES PLANTEL NUM. 46', 'CALLE MATAMOROS', 11),
('27ECB0051E', 'COLEGIO  DE BACHILLERES PLANTEL NUM. 47', 'CALLE TORIBIO PEREZ DEL VALLE', 11),
('27ECB0052D', 'COLEGIO DE BACHILLERES PLANTEL NUM. 48', 'CALLE CARRETERA FEDERAL VILLAHERMOSA-ESCARCEGA', 7),
('27ECB0053C', 'COLEGIO DE BACHILLERES PLANTEL NUMERO 49', 'CALLE POBLADO XICOTENCATL', 15),
('27ECB0054B', 'COLEGIO DE BACHILLERES PLANTEL NUM. 50', 'CALLE POBLADO CHILTEPEC SECCION TANQUES', 14),
('27ECB0055A', 'COLEGIO DE BACHILLERES PLANTEL NUM. 51', 'CALLE PASEO DE LA LIBERTAD', 13),
('27ECT0001M', 'INSTITUTO DE DIFUSION TECNICA NUM. 1', 'AVENIDA CORONEL GREGORIO MÉNDEZ MAGAÑA', 4),
('27ECT0002L', 'INSTITUTO DE DIFUSION TECNICA NUM. 2', 'CALLE KM.1+500 CARRETERA PLAYA AZUL', 3),
('27ECT0003K', 'INSTITUTO DE DIFUSION TECNICA NUM. 3', 'CALLE POBLADO IQUINUAPA', 10),
('27ECT0004J', 'INSTITUTO DE DIFUSION TECNICA NUM. 4', 'CALLE CARRETERA HUIMANGUILLO - CARDENAS KILOMETRO 01 RANCHERIA LIBERTAD', 8),
('27ECT0005I', 'INSTITUTO DE DIFUSION TECNICA NUM. 5', 'CALLE 5 DE MAYO', 10),
('27ECT0006H', 'INSTITUTO DE DIFUSION TECNICA NUM. 6', 'CALLE CRISANTO PALMA', 13),
('27ECT0007G', 'INSTITUTO DE DIFUSION TECNICA NUM. 7', 'CALLE SALVADOR FALCÓN', 12),
('27ECT0008F', 'INSTITUTO DE DIFUSION TECNICA NUM. 8', 'CALLE POBLADO CARLOS ROVIROSA (TULIPAN)', 6),
('27ECT0009E', 'INSTITUTO DE DIFUSION TECNICA NUM. 9', 'AVENIDA CONSTITUCION', 7),
('27ECT0010U', 'INSTITUTO DE DIFUSION TECNICA NUM. 10', 'CALLE VILLA CARLOS GREENE', 5),
('27ECT0011T', 'INSTITUTO DE DIFUSION TECNICA NUM. 11', 'CALLE VILLA TEPETITAN', 12),
('27ECT0012S', 'INSTITUTO DE DIFUSION TECNICA NUM. 14', 'CALLE FRAMBOYANES', 3),
('27ECT0013R', 'INSTITUTO DE DIFUSION TECNICA NUM. 13', 'CALLE VILLA SAN MANUEL', 8),
('27ECT0018M', 'INSTITUTO DE DIFUSION TECNICA NUM. 12', 'CALLE POBLADO REDENCION DEL CAMPESINO', 17),
('27EET0017L', 'INSTITUTO CONTABLE PARAISO', 'CALLE GREGORIO MENDEZ', 14),
('27EEX0001G', 'PREPARATORIA ABIERTA', 'CALLE LINO MERINO', 4),
('27EIT0001G', 'INSTITUTO TECNOLOGICO SUPERIOR DE COMALCALCO', 'CALLE RANCHERIA OCCCIDENTE TERCERA SECCION', 5),
('27EIT0002F', 'INSTITUTO TECNOLOGICO SUPERIOR DE LOS RIOS', 'PROLONGACIÓN LICENCIADO CARLOS ALBERTO MADRAZO', 1),
('27EIT0003E', 'INSTITUTO TECNOLOGICO SUPERIOR DE LA REGION SIERRA', 'NINGUNO CARRETERA ESTATAL LIBRE TRAMO TEAPA-TACOTALPA KILÓMETRO 4+500 ', 16),
('27EIT0004D', 'INSTITUTO TECNOLOGICO SUPERIOR DE MACUSPANA', 'CALLE KILOMETRO 3.5 CARRETERA MACUSPANA-BELEN', 12),
('27EIT0005C', 'INSTITUTO TECNOLOGICO SUPERIOR DE CENTLA', 'PROLONGACIÓN MINA', 3),
('27EIT0006B', 'INSTITUTO TECNOLOGICO SUPERIOR DE VILLA LA VENTA', 'CIRCUITO TECNOLOGICO', 8),
('27EIU0001F', 'UNIVERSIDAD INTERCULTURAL DEL ESTADO DE TABASCO', 'CALLE CARRETERA OXOLOTAN - TACOTALPA KILOMETRO 1', 15),
('27EIU0002E', 'UNIDAD ACADEMICA VILLA VICENTE GUERRERO', 'CALLE VILLA VICENTE GUERRERO', 3),
('27EIU0003D', 'UNIDAD ACADEMICA VILLA TAMULTE DE LAS SABANAS', 'CALLE VILLA TAMULTE DE LAS SABANAS', 4),
('27EMS0001D', 'CENTRO DE EDUCACION MEDIA SUPERIOR A DISTANCIA NUM. 01', 'CALLE RANCHERIA LOMAS ALEGRES PRIMERA SECCION', 15),
('27EMS0002C', 'CENTRO DE EDUCACION MEDIA SUPERIOR A DISTANCIA NUM. 02', 'CAMINO AZUCENA SEGUNDA SECCION-PASO DE LOS JIMENEZ MARGEN DERECHO KILOMETRO 1+000', 2),
('27EMS0003B', 'CENTRO DE EDUCACION MEDIA SUPERIOR A DISTANCIA NUM. 03', 'CALLE EJIDO ZANAPA PRIMERA SECCION', 8),
('27EMS0004A', 'CENTRO DE EDUCACION MEDIA SUPERIOR A DISTANCIA NUM. 04', 'CALLE POBLADO SAN PEDRO', 1),
('27EMS0005Z', 'CENTRO DE EDUCACION MEDIA SUPERIOR A DISTANCIA NUM. 05', 'CALLE POBLADO FRANCISCO RUEDA', 8),
('27EMS0006Z', 'CENTRO DE EDUCACION MEDIA SUPERIOR A DISTANCIA NUM. 06', 'CALLE RANCHERIA HUAPACAL PRIMERA SECCION', 8),
('27EMS0007Y', 'CENTRO DE EDUCACION MEDIA SUPERIOR A DISTANCIA NUM. 07', 'CALLE POBLADO TECOMINOACAN', 8),
('27EMS0008X', 'CENTRO DE EDUCACION MEDIA SUPERIOR A DISTANCIA NUM. 08', 'CALLE COLONIA LA HULERIA', 1),
('27EMS0009W', 'CENTRO DE EDUCACION MEDIA SUPERIOR A DISTANCIA NUM. 09', 'CALLE POBLADO NETZAHUALCOYOTL', 1),
('27EMS0010L', 'CENTRO DE EDUCACION MEDIA SUPERIOR A DISTANCIA NUM. 10', 'CALLE RANCHERIA LAZARO CARDENAS PRIMERA SECCION', 5),
('27EMS0011K', 'CENTRO DE EDUCACION MEDIA SUPERIOR A DISTANCIA NUM. 11', 'CALLE EJIDO SAN JOSE', 11),
('27EMS0012J', 'CENTRO DE EDUCACION MEDIA SUPERIOR A DISTANCIA NUM. 12', 'CALLE EJIDO GUAYAL', 15),
('27EMS0013I', 'CENTRO DE EDUCACION MEDIA SUPERIOR A DISTANCIA NUM. 13', 'CALLE EJIDO SANTO TOMAS', 17),
('27EMS0014H', 'CENTRO DE EDUCACION MEDIA SUPERIOR A DISTANCIA NUM. 14', 'CALLE EJIDO SAN ISIDRO (GUASIVAN)', 17),
('27EMS0015G', 'CENTRO DE EDUCACION MEDIA SUPERIOR A DISTANCIA NUM. 15', 'CALLE MELCHOR OCAMPO ', 1),
('27EMS0016F', 'CENTRO DE EDUCACION MEDIA SUPERIOR A DISTANCIA NUM. 16', 'CALLE EJIDO JOLOCHERO', 1),
('27EMS0017E', 'CENTRO DE EDUCACION MEDIA SUPERIOR A DISTANCIA NUM. 17', 'CALLE POBLADO CUAUHTEMOCZIN', 2),
('27EMS0018D', 'CENTRO DE EDUCACION MEDIA SUPERIOR A DISTANCIA NUM. 18', 'CALLE RANCHERIA BOCA DE CHILAPA PRIMERA SECCION', 3),
('27EMS0019C', 'CENTRO DE EDUCACION MEDIA SUPERIOR A DISTANCIA NUM. 19', 'CALLE NINGUNO', 8),
('27EMS0020S', 'CENTRO DE EDUCACION MEDIA SUPERIOR A DISTANCIA NUM. 20', 'NINGUNO NINGUNO', 8),
('27EMS0022Q', 'CENTRO DE EDUCACION MEDIA SUPERIOR A DISTANCIA NUM. 22', 'CALLE EJIDO BENITO JUAREZ', 17),
('27EMS0023P', 'CENTRO DE EDUCACION MEDIA SUPERIOR A DISTANCIA NUM. 23', 'CALLE POBLADO RAMON GRANDE', 12),
('27EMS0024O', 'CENTRO DE EDUCACION MEDIA SUPERIOR A DISTANCIA NUM. 24', 'CALLE RANCHERIA BOCA DE SAN GERONIMO', 11),
('27EMS0025N', 'CENTRO DE EDUCACION MEDIA SUPERIOR A DISTANCIA NUM. 25', 'CALLE RANCHERIA COCOHITAL SECTOR LA SOLEDAD', 5),
('27EMS0026M', 'CENTRO DE EDUCACION MEDIA SUPERIOR A DISTANCIA NUM. 26', 'CALLE RANCHERIA EL GUAYO PRIMERA SECCION', 5),
('27EMS0027L', 'CENTRO DE EDUCACION MEDIA SUPERIOR A DISTANCIA NUM. 27', 'CALLE POBLADO LOS PAJAROS', 11),
('27EMS0028K', 'CENTRO DE EDUCACION MEDIA SUPERIOR A DISTANCIA NUM. 28', 'CALLE DÍAZ TORRES', 12),
('27EMS0029J', 'CENTRO DE EDUCACION MEDIA SUPERIOR A DISTANCIA NUM. 29', 'CALLE POBLADO MORELOS', 12),
('27EMS0030Z', 'CENTRO DE EDUCACION MEDIA SUPERIOR A DISTANCIA NUM. 30', 'NINGUNO NINGUNO', 8),
('27EMS0031Y', 'CENTRO DE EDUCACION MEDIA SUPERIOR A DISTANCIA NUM. 31', 'CALLE PRIMERA (MARIANO ABASOLO)', 7),
('27EMS0032X', 'CENTRO DE EDUCACION MEDIA SUPERIOR A DISTANCIA NUM. 32', 'CALLE POBLADO OXIACAQUE', 13),
('27EMS0033W', 'CENTRO DE EDUCACION MEDIA SUPERIOR A DISTANCIA NUM. 33', 'NINGUNO CARRETERA ESTATAL LIBRE SANTUARIO 2DA. SECCIÓN - LAS PIEDRAS - EL GOLPE - EL MINGO TRAMO LAS PIEDRAS-EL GOLPE KILÓMETRO 6+800', 2),
('27EMS0035U', 'CENTRO DE EDUCACION MEDIA SUPERIOR A DISTANCIA NUM. 35', 'CALLE POBLADO COROZAL', 11),
('27EMS0036T', 'CENTRO DE EDUCACION MEDIA SUPERIOR A DISTANCIA NUM. 36', 'CALLE RANCHERIA BITZAL SEXTA SECCION', 12),
('27EMS0037S', 'CENTRO DE EDUCACION MEDIA SUPERIOR A DISTANCIA NUM. 37', 'CALLE EJIDO EL REPASO', 17),
('27EMS0038R', 'CENTRO DE EDUCACION MEDIA SUPERIOR A DISTANCIA NUM. 38', 'CALLE RANCHERIA BOCA DE AZTLAN SEGUNDA SECCION', 4),
('27EMS0039Q', 'CENTRO DE EDUCACION MEDIA SUPERIOR A DISTANCIA NUM. 39', 'NINGUNO POBLADO LAS PALOMAS', 12),
('27EMS0040F', 'CENTRO DE EDUCACION MEDIA SUPERIOR A DISTANCIA NUMERO 40', 'CALLE RANCHERIA UNION SEGUNDA SECCION', 14),
('27EMS0041E', 'CENTRO DE EDUCACION MEDIA SUPERIOR A DISTANCIA NUMERO 41', 'CALLE NINGUNO', 14),
('27EMS0042D', 'CENTRO DE EDUCACION MEDIA SUPERIOR A DISTANCIA NUMERO 42', 'CALLE RANCHERIA CHICHICASTLE PRIMERA SECCION MARGEN IZQUIERDA', 3),
('27EMS0043C', 'CENTRO DE EDUCACION MEDIA SUPERIOR A DISTANCIA NUMERO 43', 'CALLE POBLADO LIMBANO BLANDIN', 12),
('27EMS0044B', 'CENTRO DE EDUCACION MEDIA SUPERIOR A DISTANCIA NUMERO 44', 'CALLE POBLADO ALCALDE MAYOR', 12),
('27EMS0045A', 'CENTRO DE EDUCACION MEDIA SUPERIOR A DISTANCIA NUMERO 45', 'CALLE EJIDO SANTA CRUZ', 1),
('27EMS0046Z', 'CENTRO DE EDUCACION MEDIA SUPERIOR A DISTANCIA NUM. 46', 'CALLE EJIDO TRES BOCAS PRIMERA SECCION', 8),
('27EMS0047Z', 'CENTRO DE EDUCACION MEDIA SUPERIOR A DISTANCIA NUM. 47', 'CALLE JOSE MARIA PINO SUAREZ PRIMERA SECCION', 8),
('27EMS0048Y', 'CENTRO DE EDUCACION MEDIA SUPERIOR A DISTANCIA NUM. 48', 'CALLE EJIDO SAN MIGUEL AFUERA', 9),
('27EMS0049X', 'CENTRO DE EDUCACION MEDIA SUPERIOR A DISTANCIA NUM. 49', 'CALLE RANCHERIA SANTA RITA PRIMERA SECCION', 11),
('27EMS0050M', 'CENTRO DE EDUCACION MEDIA SUPERIOR A DISTANCIA NUM. 50', 'NINGUNO NINGUNO', 12),
('27EMS0051L', 'CENTRO DE EDUCACION MEDIA SUPERIOR A DISTANCIA NUM. 51', 'CALLE EMILIANO ZAPATA', 1),
('27EMS0052K', 'CENTRO DE EDUCACION MEDIA SUPERIOR A DISTANCIA NUM. 52', 'CALLE NINGUNO', 1),
('27EMS0053J', 'CENTRO DE EDUCACION MEDIA SUPERIOR A DISTANCIA NUM. 53', 'CALLE POBLADO FRANCISCO I. MADERO C-9', 2),
('27EMS0054I', 'CENTRO DE EDUCACION MEDIA SUPERIOR A DISTANCIA NUM. 54', 'CALLE NINGUNO', 2),
('27EMS0055H', 'CENTRO DE EDUCACION MEDIA SUPERIOR A DISTANCIA NUM. 55', 'CALLE 20 DE NOVIEMBRE', 3),
('27EMS0056G', 'CENTRO DE EDUCACION MEDIA SUPERIOR A DISTANCIA NUM. 56', 'CALLE NINGUNO', 6),
('27EMS0057F', 'CENTRO DE EDUCACION MEDIA SUPERIOR A DISTANCIA NUM. 57', 'CALLE NINGUNO', 8),
('27EMS0058E', 'CENTRO DE EDUCACION MEDIA SUPERIOR A DISTANCIA NUM. 58', 'CALLE POBLADO FRANCISCO VILLA C-31', 8),
('27EMS0059D', 'CENTRO DE EDUCACION MEDIA SUPERIOR A DISTANCIA NUM. 59', 'CALLE SANTO DOMINGO', 10),
('27EMS0060T', 'CENTRO DE EDUCACION MEDIA SUPERIOR A DISTANCIA NUM. 60', 'CALLE POBLADO PLAYA LARGA', 11),
('27EMS0061S', 'CENTRO DE EDUCACION MEDIA SUPERIOR A DISTANCIA NUM. 61', 'CALLE JUAN ALDAMA', 16),
('27EMS0062R', 'CENTRO DE EDUCACION MEDIA SUPERIOR A DISTANCIA NUM. 62', 'CALLE DESARROLLO INTEGRAL DE LA FAMILIA', 16),
('27EMS0063Q', 'CENTRO DE EDUCACION MEDIA SUPERIOR A DISTANCIA NUM. 63', 'CALLE CARRETERA MUNICIPAL LIBRE TRAMO YOLOXOCHILT SEGUNDA SECCION-YOLOXOCHILT PRIMERA SECCION MARGEN IZQUIERDO KILOMETRO 1+150', 6),
('27EMS0064P', 'CENTRO DE EDUCACION MEDIA SUPERIOR A DISTANCIA NUM. 64', 'NINGUNO CARRETERA MUNICIPAL LIBRE TRAMO ORIENTE (SAN CAYETANO)-MOCTEZUMA (FRANCISCO I. MADERO 3RA. SECCIÓN KILÓMETRO 0+430', 14),
('27EMS0065O', 'CENTRO DE EDUCACION MEDIA SUPERIOR A DISTANCIA NUM. 65', 'ANDADOR NINGUNO', 15),
('27ENL0001J', 'GRACIELA PINTADO DE MADRAZO', 'CALLE TENOCHTITLAN 206', 4),
('27ENL0002I', 'PABLO GARCIA AVALOS', 'CIRCUITO VELÓDROMO CIUDAD DEPORTIVA', 4),
('27ENL0003H', 'ROSARIO MARIA GUTIERREZ ESKILDSEN', 'CERRADA IGNACIO GUTIERREZ', 4),
('27ENL0004G', 'ROSARIO MARIA GUTIERREZ ESKILDSEN', 'CERRADA IGNACIO GUTIERREZ', 4),
('27EPO0001E', 'UNIVERSIDAD POLITECNICA DEL GOLFO DE MEXICO', 'CALLE RANCHERIA MONTE ADENTRO', 14),
('27EPO0002D', 'UNIVERSIDAD POLITECNICA MESOAMERICANA', 'CALLE CARRETERA TENOSIQUE-EL CEIBO KILOMETRO 43.5', 17),
('27EPO0003C', 'UNIVERSIDAD POLITECNICA DEL CENTRO', 'CALLE RANCHERIA TUMBULUSHAL', 4),
('27ESU0001M', 'DIVISION DE CIENCIAS DE LA TIERRA', 'PROLONGACIÓN GUADALUPE VICTORIA', 2),
('27ESU0002L', 'DIVISION DE CIENCIAS ECONOMICO-ADMINISTRATIVAS', 'PROLONGACIÓN GUADALUPE VICTORIA', 2),
('27ESU0003K', 'DIVISION DE HUMANIDADES Y CIENCIAS DEL COMPORTAMIENTO', 'PROLONGACIÓN GUADALUPE VICTORIA', 2),
('27ESU0004J', 'DIVISION DE CIENCIAS BASICAS E INGENIERIA', 'PROLONGACIÓN GUADALUPE VICTORIA', 2),
('27ESU0005I', 'CENTRO DE ESPECIALIZACION JUDICIAL', 'AVENIDA MENDEZ Y HUIMANGUILLO', 4),
('27ESU0006H', 'CENTRO DE ESTUDIOS E INVESTIGACION DE LAS BELLAS ARTES (CEIBA)', 'PERIFÉRICO CARLOS PELLICER CAMARA', 4),
('27ETC0001M', 'COLEGIO DE ESTUDIOS CIENTIFICOS Y TECNOLOGICOS \"UNIDAD AQUILES SERDAN\"', 'CALLE KILOMETRO 1 CARRT.AQUILES SERDAN-VILLA TEPETITAN', 12),
('27ETC0002L', 'COLEGIO DE ESTUDIOS CIENTIFICOS Y TECNOLOGICOS \"UNIDAD VILLA TAPIJULAPA TACOTALPA\"', 'CALLE VILLA TAPIJULAPA', 15),
('27ETC0003K', 'COLEGIO DE ESTUDIOS CIENTIFICOS Y TECNOLOGICOS \"UNIDAD TEQUILA JALAPA\"', 'CALLE RANCHERIA TEQUILA PRIMERA SECCION', 9),
('27ETC0004J', 'COLEGIO DE ESTUDIOS CIENTIFICOS Y TECNOLOGICOS \"UNIDAD COMALCALCO\"', 'PROLONGACIÓN DE RAYON ', 5),
('27ETC0005I', 'COLEGIO DE ESTUDIOS CIENTIFICOS Y TECNOLOGICOS \"UNIDAD IGNACIO ALLENDE CENTLA\"', 'CALLE NINGUNO', 3),
('27ETC0006H', 'COLEGIO DE ESTUDIOS CIENTIFICOS Y TECNOLOGICOS \"UNIDAD VILLA IGNACIO GUTIERREZ GOMEZ CARDENAS\"', 'CALLE VILLA IGNACIO GUTIERREZ GOMEZ', 2),
('27ETC0007G', 'COLEGIO DE ESTUDIOS CIENTIFICOS Y TECNOLOGICOS \"UNIDAD HERIBERTO KEHOE\"', 'AVENIDA FLORES NORTE', 4),
('27ETC0008F', 'COLEGIO DE ESTUDIOS CIENTIFICOS Y TECNOLOGICOS \"UNIDAD TEAPA\"', 'CALLE TEAPA CIUDAD', 16),
('27ETC0009E', 'COLEGIO DE ESTUDIOS CIENTIFICOS Y TECNOLOGICOS \"UNIDAD VILLA CHICHICAPA, COMALCALCO\"', 'CALLE NIÑOS HEROES', 5),
('27ETC0010U', 'COLEGIO DE ESTUDIOS CIENTIFICOS Y TECNOLOGICOS \"UNIDAD ZAPOTAL S.P. MULATO HUIMANGUILLO\"', 'PROLONGACIÓN DE PALO MULATO', 8),
('27ETC0011T', 'COLEGIO DE ESTUDIOS CIENTIFICOS Y TECNOLOGICOS \"UNIDAD BUENA VISTA, CENTRO\"', 'PROLONGACIÓN SOR JUANA INES DE LA CRUZ', 4),
('27ETC0012S', 'COLEGIO DE ESTUDIOS CIENTIFICOS Y TECNOLOGICOS \"UNIDAD COLONIA MIGUEL HIDALGO, CENTRO\"', 'CERRADA JUAN DE LA BARRERA COL.MIGUEL HIDALGO TERCERA ETAPA', 4),
('27ETC0013R', 'COLEGIO DE ESTUDIOS CIENTIFICOS Y TECNOLOGICOS \"U. POB. C-34 (LIC. BENITO JUAREZ GARCIA)HUIMANGUILLO', 'CAMINO TRAMO CARRETERA FEDERAL LIBRE 180-POBLADO C-34 MARGEN IZQUIERDO KILOMETRO 1+300', 8),
('27ETC0014Q', 'COLEGIO DE ESTUDIOS CIENTIFICOS Y TECNOLOGICOS \"UNIDAD POBLADO DOS MONTES, CENTRO\"', 'CALLE POBLADO DOS MONTES', 4),
('27ETC0015P', 'COLEGIO DE ESTUDIOS CIENTIFICOS Y TECNOLOGICOS \"U. POBLADO C-10 (GRAL. LAZARO CARDENAS DEL RIO)CARDE', 'CALLE GENERAL LAZARO CARDENAS DEL RIO POBLADO C-10', 2),
('27ETC0016O', 'COLEGIO DE ESTUDIOS CIENTIFICOS Y TECNOLOGICOS \"U. RIO SECO SEGUNDA SECCION \"A\" (FRACC. CAÑALES)', 'CALLE EJIDO RIO SECO SEGUNDA SECCION A', 2),
('27ETC0017N', 'COLEGIO DE ESTUDIOS CIENTIFICOS Y TECNOLOGICOS \"UNIDAD FRANCISCO J. SANTAMARIA (CACAO) JALAPA\"', 'CALLE POBLADO FRANCISCO J. SANTAMARIA (CACAO)', 9),
('27ETC0018M', 'COLEGIO DE ESTUDIOS CIENTIFICOS Y TECNOLOGICOS \"UNIDAD ENCRUCIJADA TERCERA SECCION, CARDENAS\"', 'CALLE POBLADO ENCRUCIJADA TERCERA SECCION (LAS CALZADAS)', 2),
('27ETC0019L', 'COLEGIO DE ESTUDIOS CIENTIFICOS Y TECNOLOGICOS UNIDAD VILLA DEL CIELO', 'CALLE VENUS', 4),
('27ETC0020A', 'COLEGIO DE ESTUDIOS CIENTIFICOS Y TECNOLOGICOS UNIDAD VILLA JALUPA', 'CALLE SAN PEDRITO', 10),
('27ETC0021Z', 'COLEGIO DE ESTUDIOS CIENTIFICOS Y TECNOLOGICOS UNIDAD ORIENTE 6A. SECCION', 'CALLE NINGUNO', 5),
('27ETH0001H', 'TELEBACHILLERATO NUM. 1', 'CALLE POBLADO EL AGUILA', 1),
('27ETH0002G', 'TELEBACHILLERATO NUM. 2', 'CALLE INDEPENDENCIA (POBLADO C-17)', 2),
('27ETH0003F', 'TELEBACHILLERATO NUM. 3', 'CALLE RANCHERIA JOSE MARIA PINO SUAREZ PRIMERA SECCION', 5),
('27ETH0004E', 'TELEBACHILLERATO NUM. 4', 'CALLE POBLADO GREGORIO MENDEZ', 6),
('27ETH0005D', 'TELEBACHILLERATO NUM. 5', 'CALLE RANCHERIA TIERRA NUEVA TERCERA SECCION', 8),
('27ETH0006C', 'TELEBACHILLERATO NUM. 6', 'CALLE COLONIA AGRICOLA LAS FLORES', 8),
('27ETH0007B', 'TELEBACHILLERATO NUM. 7', 'CALLE RANCHERIA HERMENEGILDO GALEANA SEGUNDA SECCION', 10),
('27ETH0008A', 'TELEBACHILLERATO NUM. 8', 'CALLE POBLADO BUENA VISTA -APASCO-', 12),
('27ETK0001V', 'TELEBACHILLERATO COMUNITARIO NÚMERO 01', 'CAMINO TRAMO SANTUARIO 5TA. SECCION BUENA VISTA-AZUCENA 6TA. SECCION MARGEN IZQUIERDO KILOMETRO 1+150', 2),
('27ETK0002U', 'TELEBACHILLERATO COMUNITARIO NÚMERO 02', 'CALLE EJIDO NUEVO CENTLA', 3),
('27ETK0003T', 'TELEBACHILLERATO COMUNITARIO NÚMERO 03', 'CALLE RANCHERIA BARRANCAS ', 4),
('27ETK0004S', 'TELEBACHILLERATO COMUNITARIO NÚMERO 04', 'NINGUNO NINGUNO', 4),
('27ETK0005R', 'TELEBACHILLERATO COMUNITARIO NÚMERO 05', 'CERRADA NINGUNO', 5),
('27ETK0006Q', 'TELEBACHILLERATO COMUNITARIO NÚMERO 06', 'CALLE RANCHERIA LA PIEDRA TERCERA SECCION', 6),
('27ETK0007P', 'TELEBACHILLERATO COMUNITARIO NÚMERO 07', 'CALLE POBLADO JOSE MARIA PINO SUAREZ', 11),
('27ETK0008O', 'TELEBACHILLERATO COMUNITARIO NÚMERO 08', 'CALLE CARRETERA MUNICIPAL LIBRE TRAMO POBLADO PUXCATAN-POBLADO ARROYO SECO MIRAFLORES KILOMETRO 0+050', 15),
('27ETK0009N', 'TELEBACHILLERATO COMUNITARIO NÚMERO 09', 'CALLE PRINCIPAL', 16),
('27ETK0010C', 'TELEBACHILLERATO COMUNITARIO NÚMERO 10', 'CALLE POBLADO GUAYACAN', 17),
('27ETK0011B', 'TELEBACHILLERATO COMUNITARIO NUMERO 11', 'CALLE JOSE MARIA PINO SUAREZ', 1),
('27ETK0012A', 'TELEBACHILLERATO COMUNITARIO NUMERO 12', 'CALLE GREGORIO MENDEZ', 1),
('27ETK0013Z', 'TELEBACHILLERATO COMUNITARIO NUMERO 13', 'CALLE 5 DE MAYO', 1),
('27ETK0014Z', 'TELEBACHILLERATO COMUNITARIO NUMERO 14', 'NINGUNO NINGUNO', 3),
('27ETK0015Y', 'TELEBACHILLERATO COMUNITARIO NUMERO 15', 'CAMINO A PARCELAS MARGEN DERECHO KILOMETRO 0+100', 4),
('27ETK0016X', 'TELEBACHILLERATO COMUNITARIO NUMERO 16', 'NINGUNO NINGUNO', 4),
('27ETK0017W', 'TELEBACHILLERATO COMUNITARIO NUMERO 17', 'CALLE CARRETERA ESTATAL LIBRE TRAMO ALDAMA-ARROYO HONDO 2DA. SECCION KILOMETRO 5+000', 5),
('27ETK0018V', 'TELEBACHILLERATO COMUNITARIO NUMERO 18', 'CALLE NINGUNO', 8),
('27ETK0019U', 'TELEBACHILLERATO COMUNITARIO NUMERO 19', 'CALLE NINGUNO', 8),
('27ETK0020J', 'TELEBACHILLERATO COMUNITARIO NUMERO 20', 'CALLE NINGUNO', 8),
('27ETK0021I', 'TELEBACHILLERATO COMUNITARIO NUMERO 21', 'TERRACERIA TRAMO PICO DE ORO TERCERA SECCION-EL CABRITO MARGEN IZQUIERDO KILOMETRO 10+000', 8),
('27ETK0022H', 'TELEBACHILLERATO COMUNITARIO NUMERO 22', 'CALLE CARRETERA FEDERAL LIBRE 180 TRAMO COATZACOALCOS-VILLAHERMOSA KILOMETRO 88+350', 8),
('27ETK0023G', 'TELEBACHILLERATO COMUNITARIO NUMERO 23', 'CALLE RANCHERIA CHICHONAL PRIMERA SECCION', 9),
('27ETK0024F', 'TELEBACHILLERATO COMUNITARIO NUMERO 24', 'CALLE CARRETERA MUNICIPAL LIBRE TRAMO GUANAL 1RA. SECCION-GUANAL 2DA. SECCION MARGEN DERECHO KILOMETRO 1+500', 9),
('27ETK0025E', 'TELEBACHILLERATO COMUNITARIO NUMERO 25', 'CALLE AQUILES SERDAN PRIMERA SECCION', 9),
('27ETK0026D', 'TELEBACHILLERATO COMUNITARIO NUMERO 26', 'CALLE NINGUNO', 9),
('27ETK0027C', 'TELEBACHILLERATO COMUNITARIO NUMERO 27', 'CALLE NINGUNO', 10),
('27ETK0028B', 'TELEBACHILLERATO COMUNITARIO NUMERO 28', 'TERRACERIA TRAMO CHABLE-BAJO AMATITAN MARGEN DERECHO KILOMETRO 8+300', 11),
('27ETK0029A', 'TELEBACHILLERATO COMUNITARIO NUMERO 29', 'CALLE NINGUNO', 11),
('27ETK0030Q', 'TELEBACHILLERATO COMUNITARIO NUMERO 30', 'TERRACERIA TRAMO JOSE MARIA PINO SUAREZ-GREGORIO MENDEZ 2DA. SECCION (PATAZTAL) MARGEN DERECHO KILOMETRO 2+030', 12),
('27ETK0031P', 'TELEBACHILLERATO COMUNITARIO NUMERO 31', 'CALLEJÓN NINGUNO', 12),
('27ETK0032O', 'TELEBACHILLERATO COMUNITARIO NUMERO 32', 'CALLE CARRETERA ESTATAL LIBRE TRAMO CHICOZAPOTE-CANTEMOC 2RA. SECCION KILOMETRO 3+450', 13),
('27ETK0033N', 'TELEBACHILLERATO COMUNITARIO NUMERO 33', 'CALLE NINGUNO', 13),
('27ETK0034M', 'TELEBACHILLERATO COMUNITARIO NUMERO 34', 'CALLE RANCHERIA AQUILES SERDAN', 14),
('27ETK0035L', 'TELEBACHILLERATO COMUNITARIO NUMERO 35', 'CALLE CARRETERA MUNICIPAL LIBRE TRAMO POTRERITOS-ZAPOTAL 3RA. SECCION KILOMETRO 0+250', 14),
('27ETK0036K', 'TELEBACHILLERATO COMUNITARIO NUMERO 36', 'TERRACERIA TRAMO POCHITOCAL 3RA. SECCION-CARLOS GREENE 2DA. SECCION MARGEN DERECHO KILOMETRO 3+200', 15),
('27ETK0037J', 'TELEBACHILLERATO COMUNITARIO NUMERO 37', 'CALLE CARRETERA MUNICIPAL LIBRE TRAMO CEIBITA 1RA. SECCION-PUYACATENGO 2DA. SECCION KILOMETRO 15+600', 15),
('27ETK0038I', 'TELEBACHILLERATO COMUNITARIO NUMERO 38', 'CALLE POBLADO BOCA DEL CERRO', 17),
('27ETK0039H', 'TELEBACHILLERATO COMUNITARIO NUMERO 39', 'CALLE CUITLAHUAC', 17),
('27ETK0040X', 'TELEBACHILLERATO COMUNITARIO NUMERO 40', 'CALLEJÓN NINGUNO', 4),
('27ETK0041W', 'TELEBACHILLERATO COMUNITARIO NUMERO 41', 'CALLE NINGUNO', 1),
('27ETK0042V', 'TELEBACHILLERATO COMUNITARIO NUMERO 42', 'CALLE NINGUNO', 1),
('27ETK0043U', 'TELEBACHILLERATO COMUNITARIO NUMERO 43', 'CALLE CARRETERA ESTATAL LIBRE FRONTERA-JONUTA KILOMETRO 22+500', 3),
('27ETK0044T', 'TELEBACHILLERATO COMUNITARIO NUMERO 44', 'CALLEJÓN NINGUNO', 8),
('27ETK0045S', 'TELEBACHILLERATO COMUNITARIO NUMERO 45', 'CALLE NINGUNO', 8),
('27ETK0046R', 'TELEBACHILLERATO COMUNITARIO NUMERO 46', 'CAMINO TRAMO ZAPOTAL 2DA. SECCION-ZAPOTAL 1RA. SECCION A MARGEN IZQUIERDO KILOMETRO 3+300', 11),
('27ETK0047Q', 'TELEBACHILLERATO COMUNITARIO NUMERO 47', 'CERRADA NINGUNO', 12),
('27ETK0048P', 'TELEBACHILLERATO COMUNITARIO NUMERO 48', 'NINGUNO NINGUNO', 15),
('27ETK0049O', 'TELEBACHILLERATO COMUNITARIO NUMERO 49', 'CALLE NINGUNO', 16),
('27ETK0050D', 'TELEBACHILLERATO COMUNITARIO NUMERO 50', 'CALLE NINGUNO', 17),
('27EUT0001B', 'UNIVERSIDAD TECNOLOGICA DE TABASCO', 'CALLE RANCHO PARRILLA II LOS CLAUSTROS', 4),
('27EUT0002A', 'UNIVERSIDAD TECNOLOGICA DEL USUMACINTA', 'CALLE NINGUNO', 7),
('27NSU0001U', 'COLEGIO DE POSTGRADUADOS CAMPUS TABASCO', 'PROLONGACIÓN GUADALUPE VICTORIA', 2),
('27PBH0003W', 'CENTRO DE ESTUDIOS BASICOS Y SUPERIORES DEL SURESTE S.C.', 'CALLE 27 DE FEBRERO', 4),
('27PBH0004V', 'COLEGIO ARJI, A.C.', 'CALLE AV. MEXICO', 4),
('27PBH0020M', 'BACHILLERATO IEU PLANTEL VILLAHERMOSA', 'CALLE CAMPO GIRALDAS', 4),
('27PBH3340R', 'ESCUELA PREPARATORIA MOTOLINIA DE COMALCALCO, A.C.', 'CALLE SAENZ', 5),
('27PBH3609E', 'UNIVERSIDAD TEC MILENIO VILLAHERMOSA', 'CALLE ROSALES', 4),
('27PBH3681O', 'BACHILLERATO GENERAL, DE LA UNIVERSIDAD DEL VALLE DE MEXICO, CAMPUS VILLAHERMOSA', 'AVENIDA MEXICO', 4),
('27PBH3725V', 'UNIVERSIDAD ANAHUAC, BACHILLERATO CUMBRES VILLAHERMOSA', 'PROLONGACIÓN PASEO USUMACINTA', 4),
('27PBH3796P', 'BACHILLERATO CHEDRAUI VILLAHERMOSA', 'CERRADA HEROICO COLEGIO MILITAR', 4),
('27PBH3822X', 'BACHILLERATO UVG CAMPUS TABASCO', 'NINGUNO CARRETERA FEDERAL LIBRE 195 TRAMO VILLAHERMOSA-ESCOPETAZO KILÓMETRO 3+600', 4),
('27PBH3958K', 'INSTITUTO PREUNIVERSITARIO DEL CENTRO DE MEXICO CAMPUS VILLAHERMOSA', 'CALLE MALECON CARLOS A. MADRAZO', 4),
('27PCB0002B', 'COLEGIO ALFONSO TARACENA QUEVEDO', 'AVENIDA JALPA', 6),
('27PCB0003A', 'ENEYDA TARACENA GARCIA', 'CALLE DOMINGO BORREGO', 4),
('27PCB0004Z', 'INSTITUTO DE CIENCIAS Y HUMANIDADES DE TABASCO', 'CALLE SANCHEZ MAGALLANES', 4),
('27PCB0005Z', 'PREPARATORIA LATINOAMERICANA', 'CALLE BENITO JUÁREZ', 4),
('27PCB0006Y', 'INSTITUTO EDUCATIVO DE TABASCO, CARLOS PELLICER CAMARA, A.C.', 'PROLONGACIÓN SAMARKANDA', 4),
('27PCB0009V', 'CORONEL GREGORIO MENDEZ MAGAÑA', 'CALLE AV. 27 DE FEBRERO', 4),
('27PCB0010K', 'COLEGIO DE ESTUDIOS UNIVERSITARIOS DE TABASCO, A.C.', 'CALLE JUAREZ', 4),
('27PCB0011J', 'BACHILLERATO \"21 DE MARZO\"', 'CALLE JUAREZ', 12),
('27PCB0017D', 'CENTRO EDUCATIVO NICANOR GONZALEZ MENDOZA', 'CALLE CARRETERA VILLAHERMOSA-TEAPA KILOMETRO 9', 4),
('27PCB0018C', 'PREPARATORIA CELESTIN FREINET', 'CALLE BONANZA', 5),
('27PCB0019B', 'COLEGIO SCOUT CARLOS A. MADRAZO', 'CALLE AGUILA', 4),
('27PCB0020R', 'INSTITUTO PATRIA NUEVA', 'CALLE NICOLAS BRAVO', 4),
('27PCB0021Q', 'COLEGIO JEAN PIAGET BACHILLERATO', 'CALLE RANCHERIA MONTE ADENTRO', 14),
('27PCB0024N', 'PEDRO DE LILLE B., A.C.', 'AVENIDA RAMON MENDOZA', 4),
('27PCB0025M', 'PROFR. JUSTO SIERRA MENDEZ', 'CALLE LICENCIADO BENITO JUAREZ GARCIA', 8),
('27PCB0027K', 'COLEGIO DE LAS AMERICAS', 'PROLONGACIÓN JUAN XXIII', 4),
('27PCB0030Y', 'TOMAS GARRIDO CANABAL', 'CALLE REVOLUCION', 4),
('27PCB0031X', 'MANUEL SANCHEZ MARMOL', 'CALLE R/A MIGUEL HIDALGO KM. 1 CARRETERA A LAS GRUTAS', 16),
('27PCB0036S', 'ACADEMIA MILITARIZADA DEL SURESTE DE MEX.', 'CALLE PASEO DE LAS FLORES', 4),
('27PCB0037R', 'JOSE N. ROVIROSA', 'CERRADA MANUEL GIL Y SÁENZ', 4),
('27PCB0038Q', 'JOSE MARIA PINO SUAREZ', 'CALLE SEGUNDA CIRCUNVALACIÓN', 12),
('27PCB0039P', 'COLEGIO AMERICANO DE TABASCO, S.C.', 'PROLONGACIÓN PASEO USUMACINTA ', 4),
('27PCB0040E', 'COLEGIO INGLES DE VILLAHERMOSA, A.C.', 'PROLONGACIÓN DE 27 DE FEBRERO', 4),
('27PCB0041D', 'COLEGIO MEXICO DEL SURESTE, SOCIEDAD CIVIL', 'AVENIDA PASEO DE LA SIERRA', 4),
('27PCB0042C', 'COLEGIO TABASCO', 'CALLE 20 DE NOVIEMBRE', 4),
('27PCB0043B', 'COLEGIO HEROICA CARDENAS, A. C.', 'PROLONGACIÓN GUADALUPE VICTORIA', 2),
('27PCB0044A', 'INSTITUTO DE BACHILLERATO COMPUTARIZADO DE TABASCO', 'AVENIDA FRANCISCO JAVIER MINA', 4),
('27PCB0046Z', 'PREPARATORIA VILLAHERMOSA Y MARIA TERESA, A. C.', 'CALLE BELISARIO DOMÍNGUEZ', 4),
('27PCB0047Y', 'BACHILLERATO \"JUAN ESCUTIA\"', 'PROLONGACIÓN PIPILA', 5),
('27PCB0049W', 'COLEGIO LATINOAMERICANO DE TABASCO, S.C.', 'CALLE CUATRO', 4),
('27PCB0052J', 'ESCUELA LIBERTAD', 'CALLE R/A PLUTARCO ELIAS S (CURAHUESO)', 4),
('27PCB0053I', 'UNIVERSIDAD MUNDO MAYA (DIVISION BACHILLERATO)', 'CALLE CARRETERA VILLAHERMOSA-BUENAVISTA KM 4.5', 4),
('27PCB0054H', 'OLGA PRIEGO DE CINTRON', 'CALLE AV. JIBARITO', 2),
('27PCB0055G', 'COLEGIO CHAMPAL', 'CAMINO A SABINA', 4),
('27PCB0061R', 'CENTRO EDUCATIVO DE ALTO RENDIMIENTO JOSE VASCONCELOS', 'CALLE GUAYACAN', 14),
('27PCB0064O', 'COLEGIO ANAHUAC DE TABASCO, S.C.', 'CALLE CAMPO CUNDUACAN', 4),
('27PCB0066M', 'COLEGIO IBEROAMERICANO DE TABASCO', 'CALLE ROGELIO RUIZ ROJAS', 2),
('27PCB0067L', 'GREENVILLE INTERNATIONAL SCHOOL', 'PROLONGACIÓN ARCO NOROESTE', 4),
('27PCB0068K', 'INSTITUTO INGLES AMERICANO', 'CALLE DOCTOR SIMON SARLAT', 7),
('27PCB0069J', 'PAIDOS', 'AVENIDA GENERAL AUGUSTO CÉSAR SANDINO', 4),
('27PCB0070Z', 'JUANA MANRIQUE DE LARA', 'CALLE BUENOS AIRES', 5),
('27PCB0071Y', 'COLEGIO HUIMANGUILLO', 'CALLE CAMPO DE AVIACIÓN', 8),
('27PCB0072X', 'COLEGIO LATINO', 'CALLE OLIVO FRACC. LOS REYES LOMA ALTA', 2),
('27PCB0073W', 'COLEGIO PARAISO', 'CALLE MELCHOR OCAMPO', 14),
('27PCB0074V', 'LUIS DONALDO COLOSIO MURRIETA', 'NINGUNO CARRETERA FEDERAL LIBRE 195 TRAMO VILLAHERMOSA-ESCOPETAZO KILÓMETRO 10+070', 4),
('27PCB0075U', 'COLEGIO ANAHUAC VILLAHERMOSA', 'PROLONGACIÓN PASEO USUMACINTA', 4),
('27PCB0076T', 'COLEGIO BILINGUE ATENEA', 'AVENIDA CORREGIDORA JOSEFA ORTIZ DE DOMINGUEZ', 10),
('27PCB0077S', 'BACHILLERATO UNET', 'AVENIDA JIBARITO', 2),
('27PCB0078R', 'COLEGIO AGUSTÍN RUIZ DE LA PEÑA', 'CALLE FIDENCIA FERNÁNDEZ SASTRE', 6),
('27PCB0079Q', 'COLEGIO CEDROS', 'CERRADA LOS CEDROS', 4),
('27PCB0080F', 'INSTITUTO ROWAN', 'CALLE PEPE DEL RIVERO', 4),
('27PCB0081E', 'CENTRO DE BACHILLERATO DEL INSTITUTO UNIVERSITARIO DE YUCATAN', 'NINGUNO CARRETERA FEDERAL LIBRE 195 TRAMO VILLAHERMOSA-ESCOPETAZO KILÓMETRO 4+450', 4),
('27PCT0003Q', 'CENTRO DE BACHILLERATO TECNOLOGICO GRIJALVA', 'CALLE ALTAMIRA', 4),
('27PCT0005O', 'MELANIE KLEIN', 'CALLE MATIAS PASTOR PIEDRA', 4),
('27PCT0010Z', 'BACHILLERATO TECNOLÓGICO ESCUELA MIGUEL HIDALGO', 'CERRADA PROLONGACIÓN DE JUAREZ', 12),
('27PCT0017T', 'BENITO JUAREZ GARCIA', 'CALLE RANCHERIA EL CHIVALITO CUARTA SECCION', 12),
('27PCT0018S', 'C.E.T. EN CIENCIAS DE LA SALUD', 'CALLE JUAN ALVAREZ', 4),
('27PCT0020G', 'CENTRO BACHILLERATO TECNOLOGICO PARAISO', 'CALLE FRANCISCO TRUJILLO GURRIA', 14),
('27PCT0022E', 'CENTRO EDUCATIVO ARTURO ROSENBLUETH', 'CALLE PRIMERA CERRADA DE PROLONGACIÓN DE PASEO DE LA SIERRA', 4),
('27PCT0023D', 'CENTRO DE BACHILLERATO TECNOLOGICO CARDENAS', 'CALLE VICENTE GUERRERO', 2),
('27PCT0025B', 'RAMON GALGUERA MONTUY', 'CALLE TRINIDAD MALPICA HERNANDEZ', 8),
('27PCT0026A', 'MARCELINA VILLATOR JIMENEZ', 'CALLE PEDRO C. COLORADO', 4),
('27PCT0027Z', 'BACHILLERATO TECNOLOGICO DEL INSTITUTO DE PROFESIONES M.A.', 'CALLE JOSÉ MARÍA MORELOS Y PAVÓN', 3),
('27PCT0028Z', 'BACHILLERATO TECNOLÓGICO DEL INSTITUTO TECNOLÓGICO DE ESPECIALIDADES', 'CALLE NIÑOS HEROES', 4),
('27PCT0029Y', 'INSTITUTO EDUCATIVO ESPARTA', 'CALLE JUAN ESCUTIA', 4),
('27PCT0030N', 'BACHILLERATO TECNOLÓGICO UNIVERSIDAD DUNAMIS', 'CALLE MALECÓN CARLOS ALBERTO MADRAZO', 4),
('27PCT0031M', 'INSTITUTO DE CIENCIAS Y ESTUDIOS SUPERIORES DE TABASCO', 'CALLE PRINCIPAL', 4),
('27PNL0001P', 'COLEGIO MONTECRISTO, S.C.', 'CALLE CORREGIDORA', 7),
('27PNL0002O', 'JUSTO SIERRA MENDEZ', 'CALLE LICENCIADO BENITO JUAREZ GARCIA', 8),
('27PNL0003N', 'CENTRO DE ESTUDIOS CULTURALES', 'AVENIDA ESPERANZA IRIS', 4),
('27PSU0002R', 'DIVISION DE CIENCIAS ECONOMICO ADMINISTRATIVAS', 'CALLE POBLADO DOS MONTES', 4),
('27PSU0003Q', 'DIVISION DE CIENCIAS DEL HOMBRE', 'CALLE POBLADO DOS MONTES', 4),
('27PSU0004P', 'UNIVERSIDAD DUNAMIS, A.C.', 'CALLE MALECÓN CARLOS ALBERTO MADRAZO', 4),
('27PSU0005O', 'UNIVERSIDAD MUNDO MAYA', 'CALLE KILOMETRO 4.5 CARRETERA VILLAHERMOSA - BUENAVISTA', 4),
('27PSU0006N', 'INSTITUTO DE EDUCACION ARTISTICA INTEGRAL A.C.', 'AVENIDA PASEO USUMACINTA', 4),
('27PSU0007M', 'UNIVERSIDAD ALFA Y OMEGA', 'CALLE AV. 27 DE FEBRERO', 4),
('27PSU0008L', 'DIVISION DE ARTES', 'CALLE POBLADO DOS MONTES', 4),
('27PSU0009K', 'DIVISION DE HUMANIDADES', 'CALLE POBLADO DOS MONTES', 4),
('27PSU0010Z', 'DIVISION DE CIENCIAS E INGENIERIA', 'CALLE POBLADO DOS MONTES', 4),
('27PSU0011Z', 'UNIVERSIDAD DEL VALLE DE MEXICO CAMPUS VILLAHERMOSA', 'AVENIDA MEXICO', 4),
('27PSU0012Y', 'UNIVERSIDAD DE SOTAVENTO', 'PRIVADA DE GOLONDRINAS', 4),
('27PSU0015V', 'UNIVERSIDAD AUTONOMA DE GUADALAJARA, CAMPUS TABASCO', 'PROLONGACIÓN PASEO USUMACINTA KM. 3.5 FRACCIONAMIENTO COUNTRY', 4),
('27PSU0016U', 'INSTITUTO DE ESTUDIOS UNIVERSITARIOS DE TABASCO, PLANTEL VILLAHERMOSA', 'AVENIDA CAMPO SITIO GRANDE', 4),
('27PSU0017T', 'UNIVERSIDAD INTERAMERICANA DEL NORTE, CAMPUS TABASCO', 'CALLE PASEO TABASCO', 4),
('27PSU0018S', 'CENTRO DE ESTUDIOS E INVESTIGACION GUESTALTICOS, A.C., PLANTEL VILLAHERMOSA', 'CALLE TULIPANES', 4),
('27PSU0019R', 'UNIVERSIDAD DE NEGOCIOS DE TABASCO', 'AVENIDA JIBARITO', 2),
('27PSU0020G', 'UNIVERSIDAD ISTMO AMERICANA', 'CALLE PASEO DE LA SIERRA', 4),
('27PSU0021F', 'UNIVERSIDAD TEC MILENIO VILLAHERMOSA', 'PROLONGACIÓN JOSE MARISCAL', 4),
('27PSU0022E', 'UNIVERSIDAD DE MONTEMORELOS, CAMPUS TABASCO', 'CALLE VILLA PARRILLA KM.10 CARRETERA VILLAHERMOSA-TEAPA', 4),
('27PSU0023D', 'COLEGIO INTERNACIONAL DE CIENCIAS PERICIALES S.C.', 'AVENIDA PASEO USUMACINTA', 4),
('27PSU0024C', 'UNIVERSIDAD INTERAMERICANA PARA EL DESARROLLO CAMPUS VILLAHERMOSA', 'CALLE REFORMA', 4),
('27PSU0025B', 'CENTRO INTERNACIONAL DE POSGRADO A.C.', 'AVENIDA GENERAL AUGUSTO CÉSAR SANDINO', 4),
('27PSU0026A', 'UNIVERSIDAD MUNDO MAYA CAMPUS CARDENAS', 'CALLE EL JIBARITO', 2),
('27PSU0027Z', 'INSTITUTO UNIVERSITARIO CARL ROGERS', 'AVENIDA SAMARKANDA', 4),
('27PSU0028Z', 'UNIVERSIDAD MEXICANA DEL SURESTE', 'CALLE BENITO JUAREZ', 5),
('27PSU0029Y', 'INSTITUTO UNIVERSITARIO PUEBLA', 'CALLE CARRETERA LA ISLA KM. 2.5 COL. MIGUEL HIDALGO PRIMERA SECCION', 4),
('27PSU0030N', 'INSTITUTO TECNOLOGICO DE LA CONSTRUCCION, CAMPUS TABASCO', 'CIRCUITO MUNICIPAL', 4),
('27PSU0031M', 'INSTITUTO SUPERIOR \"HIDALGO\"', 'CERRADA DE JUAREZ', 12),
('27PSU0032L', 'UNIVERSIDAD DEL VALLE DE ATEMAJAC, PLANTEL TABASCO', 'CALLE MANUEL DOBLADO', 4),
('27PSU0033K', 'UNIVERSIDAD VALLE DEL GRIJALVA CAMPUS TABASCO', 'NINGUNO CARRETERA FEDERAL LIBRE 195 TRAMO VILLAHERMOSA-ESCOPETAZO KILÓMETRO 3+600', 4),
('27PSU0034J', 'INSTITUTO EDUCATIVO MELANIE KLEIN', 'CALLE MATIAS PASTOR PIEDRA', 4),
('27PSU0035I', 'UNIVERSIDAD MEXICANA PARA EL DESARROLLO', 'AVENIDA EL JIBARITO 3', 2),
('27PSU0036H', 'UNIVERSIDAD VALLE DEL SURESTE', 'CERRADA NINGUNO', 8),
('27PSU0037G', 'UNIVERSIDAD VASCONCELOS DE TABASCO', 'NINGUNO NINGUNO', 14),
('27PSU0038F', 'UNIVERSIDAD DE LOS ANGELES', 'CALLE CARRETERA ESTATAL LIBRE TRAMO COMALCALCO-CHICHICAPA KILOMETRO 2+670', 5),
('27PSU0039E', 'UNIVERSIDAD DE NEGOCIOS Y PETROLEO', 'PROLONGACIÓN DE AVENIDA MEXICO FRACCIONAMIENTO PLAZ', 4),
('27PSU0040U', 'UNIVERSIDAD MAS EDUCACION Y ENSEÑANZA', 'AVENIDA CORONEL GREGORIO MENDEZ MAGAÑA', 4),
('27PSU0041T', 'UNIVERSIDAD ASBEMAAN', 'CALLE ZARAGOZA ', 3),
('27PSU0042S', 'INSTITUTO DE CIENCIAS Y ESTUDIOS SUPERIORES DE TABASCO', 'CALLE URBANO CASTAÑEDA', 4),
('27PSU0043R', 'UNIVERSIDAD ACROPOLIS', 'BOULEVARD LEANDRO ROVIROSA WADE', 5),
('27PSU0044Q', 'INSTITUTO DE ADMINISTRACION PUBLICA DE TABASCO', 'AVENIDA DE LAS AMÉRICAS', 4),
('27PSU0045P', 'INSTITUTO MODERNO DE APRENDIZAJE SUPERIOR', 'CALLE BENITO JUAREZ', 4),
('27PSU0046O', 'CENTRO DE INVESTIGACIÓN DE DESARROLLO HUMANO DE TABASCO A.C.', 'NINGUNO CARRETERA ESTATAL LIBRE TRAMO VILLAHERMOSA-LUIS GIL PÉREZ KILÓMETRO 11+150', 4),
('27PSU0047N', 'INSTITUTO LATINOAMERICANO DE ESTUDIOS SUPERIORES', 'CALLE BENITO JUÁREZ', 4),
('27PSU0048M', 'UNIVERSIDAD DE MACUSPANA', 'CALLE FRANCISCO J. SANTAMARÍA', 12),
('27PSU0049L', 'INSTITUTO UNIVERSITARIO PANAMERICANO, PLANTEL VILLAHERMOSA', 'CALLE JOSÉ OLIVERO PULIDO MORALES', 4),
('27PSU0050A', 'INSTITUTO SUPERIOR DE EDUCACIÓN EN LAS ARTES', 'AVENIDA PASEO USUMACINTA', 4),
('27PSU0051Z', 'INSTITUTO UNIVERSITARIO DE YUCATÁN', 'NINGUNO CARRETERA FEDERAL LIBRE 195 TRAMO VILLAHERMOSA-ESCOPETAZO KILÓMETRO 4+450', 4),
('27PSU0052Z', 'COLEGIO MÉXICO', 'AVENIDA PASEO DE LA SIERRA', 4),
('27SBC2018N', 'PROFR. AUGUSTO HERNANDEZ OLIVE', 'PROLONGACIÓN PUENTE', 14),
('27USU0002C', 'DIVISION ACADEMICA MULTIDISCIPLINARIA DE JALPA DE MENDEZ', 'NINGUNO CARRETERA ESTATAL LIBRE VILLAHERMOSA - COMALCALCO KILÓMETRO 27+000', 10),
('27USU0004A', 'DIVISION ACADEMICA DE EDUCACION Y ARTES', 'AVENIDA UNIVERSIDAD', 4),
('27USU0006Z', 'DIVISION ACADEMICA DE CIENCIAS BIOLOGICAS', 'CALLE KILOMETRO1 CARRETERA VILLAHERMOSA-CARDENAS ENTRONQUE BOSQUES DE SALOYA', 4),
('27USU0009W', 'DIVISION ACADEMICA MULTIDISCIPLINARIA DE LOS RIOS', 'CALLE TENOSIQUE DE PINO SUAREZ (TENOSIQUE)', 17),
('27USU0010L', 'UNIVERSIDAD AUTONOMA CHAPINGO - CENTRO REGIONAL UNIVERSITARIO DEL SURESTE', 'CALLE KILOMETRO 7 CARRETERA TEAPA-VICENTE GUERRERO', 16),
('27USU1965M', 'DIVISION ACADEMICA DE CIENCIAS SOCIALES Y HUMANIDADES', 'PROLONGACIÓN DE PASEO USUMACINTA KILOMETRO 2.5 RANCHERIA GONZALEZ', 4),
('27USU1966L', 'DIVISION ACADEMICA DE CIENCIAS DE LA SALUD UNIDAD CENTRO', 'AVENIDA GREGORIO MENDEZ', 4),
('27USU1967K', 'DIVISION ACADEMICA MULTIDISCIPLINARIA DE COMALCALCO', 'CALLE RANCHERIA SUR CUARTA SECCION', 5),
('27USU1968J', 'DIVISION ACADEMICA DE CIENCIAS AGROPECUARIAS', 'CALLE CARRETERA VILLAHERMOSA - TEAPA KILOMETRO 25', 4),
('27USU1970Y', 'DIVISION ACADEMICA DE INFORMATICA Y SISTEMAS UNIDAD CHONTALPA', 'CALLE ZARAGOZA', 6),
('27USU2251X', 'DIVISION ACADEMICA DE CIENCIAS ECONOMICO ADMINISTRATIVAS', 'AVENIDA UNIVERSIDAD', 4),
('27USU2252W', 'DIVISION ACADEMICA DE INGENIERIA Y ARQUITECTURA UNIDAD CHONTALPA', 'CALLE ZARAGOZA', 6),
('27USU2253V', 'DIVISION ACADEMICA DE CIENCIAS BASICAS', 'CALLE ZARAGOZA', 6),
('27XTA0001C', 'CENTRO DE BACHILLERATO TECNOLOGICO AGROPECUARIO NUM. 054 EXTENSION 1', 'CALLE TABASCOOB', 13),
('27XTA0002B', 'CENTRO DE BACHILLERATO TECNOLOGICO AGROPECUARIO NUM. 054 EXTENSION 2', 'CALLE RANCHERIA ACACHAPAN ', 4);

-- --------------------------------------------------------

--
-- Estructura de tabla para la tabla `colonias`
--

CREATE TABLE `colonias` (
  `cv` int(11) NOT NULL COMMENT 'Clave colonia',
  `co` varchar(100) NOT NULL COMMENT 'Colonia',
  `cM` int(11) NOT NULL COMMENT 'Clave Municipio'
) ENGINE=InnoDB DEFAULT CHARSET=utf8 COLLATE=utf8_spanish2_ci;

--
-- Volcado de datos para la tabla `colonias`
--

INSERT INTO `colonias` (`cv`, `co`, `cM`) VALUES
(1, 'Balancán de Domínguez', 1),
(2, 'El Triunfo', 1),
(3, 'Arena de Hidalgo', 1),
(4, 'Benito Juárez', 1),
(5, 'Emiliano Zapata', 1),
(6, 'Gregorio Méndez', 1),
(7, 'Vicente Guerrero', 1),
(8, 'Mactún', 1),
(9, 'Cerro de San Fernando', 1),
(10, 'San Pedro', 1),
(11, 'Francisco Villa', 1),
(12, 'Río Seco', 1),
(13, 'Santa Cruz', 1),
(14, 'Tierra y Libertad', 1),
(15, 'San Juan Arroyo', 1),
(16, 'Francisco J. Santamaría', 1),
(17, 'El Carmen', 1),
(18, 'Zaragoza', 1),
(19, 'Tierra Amarilla', 1),
(20, 'Abelardo Rodríguez', 2),
(21, 'Alto Lucero', 2),
(22, 'Cárdenas Centro', 2),
(23, 'Carlos Greene', 2),
(24, 'Chicozapote', 2),
(25, 'Colonia Santa Elena', 2),
(26, 'Cumuapa', 2),
(27, 'El Bajío', 2),
(28, 'El Encanto', 2),
(29, 'El Plan', 2),
(30, 'Emiliano Zapata', 2),
(31, 'Francisco I. Madero', 2),
(32, 'Ignacio Zaragoza', 2),
(33, 'Iquinuapa', 2),
(34, 'La Azucena', 2),
(35, 'La Ceiba', 2),
(36, 'La Herradura', 2),
(37, 'La Loma', 2),
(38, 'La Pitahaya', 2),
(39, 'La Raya', 2),
(40, 'Laguna del Rey', 2),
(41, 'Las Delicias', 2),
(42, 'Luis Donaldo Colosio', 2),
(43, 'Mal Paso', 2),
(44, 'Melchor Ocampo', 2),
(45, 'Morelos', 2),
(46, 'Paso y Playa', 2),
(47, 'Pedregal Moctezuma', 2),
(48, 'Pueblo Nuevo de las Raíces', 2),
(49, 'Río Seco y Montaña', 2),
(50, 'San Antonio', 2),
(51, 'San Felipe Río Nuevo', 2),
(52, 'San Joaquín', 2),
(53, 'San Miguel', 2),
(54, 'Santa Amalia', 2),
(55, 'Santa Cruz', 2),
(56, 'Santa Rosalía', 2),
(57, 'Allende', 3),
(58, 'Barrial', 3),
(59, 'Benito Juárez', 3),
(60, 'Blanquillo', 3),
(61, 'Boca de Chilapa', 3),
(62, 'Buena Vista', 3),
(63, 'Buenos Aires', 3),
(64, 'Caobas', 3),
(65, 'Centla', 3),
(66, 'Ciudad del Carmen', 3),
(67, 'Colonia Lindavista', 3),
(68, 'El Bellote', 3),
(69, 'El Espino', 3),
(70, 'El Pajaral', 3),
(71, 'El Porvenir', 3),
(72, 'Felipe Carrillo Puerto', 3),
(73, 'Francisco Villa', 3),
(74, 'Frontera', 3),
(75, 'García', 3),
(76, 'Gregorio Méndez', 3),
(77, 'Huapacal', 3),
(78, 'Jalapita', 3),
(79, 'Lázaro Cárdenas', 3),
(80, 'Las Cruces', 3),
(81, 'Libertad', 3),
(82, 'Mecatepec', 3),
(83, 'Nueva Esperanza', 3),
(84, 'Pino Suárez', 3),
(85, 'Playas del Rosario', 3),
(86, 'Puerto Ceiba', 3),
(87, 'Quintín Arauz', 3),
(88, 'Rancho Nuevo', 3),
(89, 'Río Viejo', 3),
(90, 'San Antonio', 3),
(91, 'San Felipe', 3),
(92, 'San Joaquín', 3),
(93, 'Santa Ana', 3),
(94, 'Villa Vicente Guerrero', 3),
(95, 'Villahermosa', 4),
(96, 'Playas del Rosario', 4),
(97, 'Ocuiltzapotlán', 4),
(98, 'Parrilla II', 4),
(99, '18 de Marzo', 4),
(100, '27 de Octubre', 4),
(101, '2 Montes', 4),
(102, '3er. Milenio', 4),
(103, 'Acachapan y Colmena 1ra. Sección', 4),
(104, 'Acachapan y Colmena 2da. Sección (El Maluco)', 4),
(105, 'Acachapan y Colmena 3ra. Sección', 4),
(106, 'Acachapan y Colmena 4ta. Sección', 4),
(107, 'Acachapan y Colmena 5ta. Sección', 4),
(108, 'Alvarado Guardacosta', 4),
(109, 'Alvarado Jimbal', 4),
(110, 'Anacleto Canabal 1ra. Sección', 4),
(111, 'Anacleto Canabal 2da. Sección', 4),
(112, 'Anacleto Canabal 3ra. Sección', 4),
(113, 'Anacleto Canabal 4ta. Sección', 4),
(114, 'Aztlán 1ra. Sección (Sector La Piedad)', 4),
(115, 'Aztlán 3ra. Sección (Jahuacte)', 4),
(116, 'Aztlán 4ta. Sección (Chocho y Chilapilla)', 4),
(117, 'Aztlán 5ta. Sección', 4),
(118, 'Barrancas y Amate 3ra. Sección', 4),
(119, 'Barrancas y Guanal 2da. Sección (González)', 4),
(120, 'Boquerón 1ra. Sección (San Pedro)', 4),
(121, 'Boquerón 2da. Sección (El Barquillo)', 4),
(122, 'Boquerón 3ra. Sección (Guanal)', 4),
(123, 'Boquerón 4ta. Sección (Laguna Nueva)', 4),
(124, 'Boquerón 5ta. Sección (La Lagartera)', 4),
(125, 'Buena Vista 1ra. Sección', 4),
(126, 'Buena Vista 2da. Sección', 4),
(127, 'Buena Vista 3ra. Sección (Boca de Escoba)', 4),
(128, 'Buena Vista Río Nuevo 2da. Sección', 4),
(129, 'Buena Vista Río Nuevo 3ra. Sección', 4),
(130, 'Bugambilias', 4),
(131, 'Carrizal', 4),
(132, 'Casa Blanca 1ra. Sección', 4),
(133, 'Casa Blanca 2da. Sección', 4),
(134, 'Centro Delegacional 1', 4),
(135, 'Centro Delegacional 2', 4),
(136, 'Centro Delegacional 3', 4),
(137, 'Centro Delegacional 4', 4),
(138, 'Centro Delegacional 5', 4),
(139, 'Centro Delegacional 6', 4),
(140, 'Centro SCT Tabasco', 4),
(141, 'Chacte', 4),
(142, 'Chichicaste', 4),
(143, 'Chilapilla 2da. Sección', 4),
(144, 'Chiquiguaos 1ra. Sección', 4),
(145, 'Aldama', 5),
(146, 'Arena 1ra. Sección', 5),
(147, 'Arena 2da. Sección', 5),
(148, 'Arroyo', 5),
(149, 'Arroyo Seco', 5),
(150, 'Benito Juárez', 5),
(151, 'Cupilco', 5),
(152, 'Chichicapa', 5),
(153, 'El Azufre', 5),
(154, 'El Bajío', 5),
(155, 'El Ceibo', 5),
(156, 'El Mango', 5),
(157, 'El Paraíso', 5),
(158, 'Felipe Carrillo Puerto', 5),
(159, 'La Isla', 5),
(160, 'Libertad 1ra. Sección', 5),
(161, 'Libertad 2da. Sección', 5),
(162, 'Libertad 3ra. Sección', 5),
(163, 'Lomas de Simón Sarlat', 5),
(164, 'Miguel Hidalgo y Costilla', 5),
(165, 'Norte 1ra. Sección', 5),
(166, 'Norte 2da. Sección', 5),
(167, 'Norte 3ra. Sección', 5),
(168, 'Poniente', 5),
(169, 'Santa Cruz', 5),
(170, 'Tecolutilla', 5),
(171, 'Tulipanes', 5),
(172, 'Zaragoza', 5),
(173, 'Anacleto Canabal 1ra. Sección', 6),
(174, 'Anacleto Canabal 2da. Sección', 6),
(175, 'Arena', 6),
(176, 'Boca de Arena', 6),
(177, 'Boca de Lima', 6),
(178, 'Campo Deportivo', 6),
(179, 'Cantemoc', 6),
(180, 'Cárdenas', 6),
(181, 'Concepción Hernández', 6),
(182, 'Constitución', 6),
(183, 'Corregidora', 6),
(184, 'El Carmen', 6),
(185, 'El Cerrito', 6),
(186, 'Emiliano Zapata', 6),
(187, 'Francisco I. Madero', 6),
(188, 'Guadalupe Victoria', 6),
(189, 'Guatemalita', 6),
(190, 'Ignacio Gutiérrez', 6),
(191, 'Independencia', 6),
(192, 'Jalapita', 6),
(193, 'La Asunción', 6),
(194, 'La Laguna', 6),
(195, 'La Trinidad', 6),
(196, 'Libertad', 6),
(197, 'Loma Bonita', 6),
(198, 'Loma Linda', 6),
(199, 'Los Cenotes', 6),
(200, 'Macayo', 6),
(201, 'Madero 1ra. Sección', 6),
(202, 'Madero 2da. Sección', 6),
(203, 'Madero 3ra. Sección', 6),
(204, 'Nabor Cornelio', 6),
(205, 'Nicolás Bravo', 6),
(206, 'Paraíso', 6),
(207, 'Pichucalco', 6),
(208, 'Plutarco Elías Calles', 6),
(209, 'Puerto de Guadalupe', 6),
(210, 'San Antonio', 6),
(211, 'San Carlos', 6),
(212, 'San Juan Bautista', 6),
(213, 'Santa Cruz', 6),
(214, 'Santa María', 6),
(215, 'Santo Domingo', 6),
(216, 'Tacotalpa', 6),
(217, 'Villa Alta', 6),
(218, 'Zapotal', 6),
(219, 'Acalán', 7),
(220, 'Arroyo Hondo', 7),
(221, 'Benito Juárez', 7),
(222, 'Buenos Aires', 7),
(223, 'Centro', 7),
(224, 'El Carmen', 7),
(225, 'Emiliano Zapata', 7),
(226, 'Guayacocotla', 7),
(227, 'Ixtapangajoya', 7),
(228, 'José María Morelos y Pavón', 7),
(229, 'La Luz', 7),
(230, 'Los Ángeles', 7),
(231, 'Plan de Ayala', 7),
(232, 'Progreso', 7),
(233, 'Rancho Nuevo', 7),
(234, 'San Andrés', 7),
(235, 'San Francisco', 7),
(236, 'San Jerónimo', 7),
(237, 'San Juan', 7),
(238, 'San Pedro', 7),
(239, 'Santa Ana', 7),
(240, 'Santa Cruz', 7),
(241, 'Actopan', 8),
(242, 'Aldama', 8),
(243, 'Amatillo', 8),
(244, 'Benito Juárez', 8),
(245, 'Boca de Lima', 8),
(246, 'C-31', 8),
(247, 'C-32', 8),
(248, 'C-33', 8),
(249, 'C-34', 8),
(250, 'C-35', 8),
(251, 'C-37', 8),
(252, 'C-38', 8),
(253, 'C-39', 8),
(254, 'C-40', 8),
(255, 'C-41', 8),
(256, 'C-42', 8),
(257, 'C-43', 8),
(258, 'C-44', 8),
(259, 'C-45', 8),
(260, 'C-46', 8),
(261, 'C-47', 8),
(262, 'C-48', 8),
(263, 'C-49', 8),
(264, 'C-50', 8),
(265, 'Campo Nuevo', 8),
(266, 'Carlos Greene', 8),
(267, 'Centla', 8),
(268, 'Cerro de San Carlos', 8),
(269, 'Colonia Agrícola Ganadera', 8),
(270, 'Colonia Hidalgo', 8),
(271, 'Colorado', 8),
(272, 'Cumuapa 1ra. Sección', 8),
(273, 'Cumuapa 2da. Sección', 8),
(274, 'Cumuapa 3ra. Sección', 8),
(275, 'Ejido Hermanos Cedillo', 8),
(276, 'Ejido Huimanguillo', 8),
(277, 'Ejido Sabanilla', 8),
(278, 'El Águila', 8),
(279, 'El Arquito', 8),
(280, 'El Borbotón', 8),
(281, 'El Carmen', 8),
(282, 'El Edén', 8),
(283, 'El Limón', 8),
(284, 'El Maguey', 8),
(285, 'El Morillo', 8),
(286, 'El Naranjo', 8),
(287, 'El Pando', 8),
(288, 'El Paraiso', 8),
(289, 'El Plan', 8),
(290, 'El Retiro', 8),
(291, 'El Sarabia', 8),
(292, 'El Triunfo', 8),
(293, 'Emiliano Zapata', 8),
(294, 'Estación Arena', 8),
(295, 'Francisco I. Madero', 8),
(296, 'Frontera', 8),
(297, 'General Carlos Greene', 8),
(298, 'Gregorio Méndez', 8),
(299, 'Hermanos Cedillo', 8),
(300, 'Huimanguillo Centro', 8),
(301, 'Jobal', 8),
(302, 'Jonuta', 8),
(303, 'José N. Rovirosa', 8),
(304, 'La Arena', 8),
(305, 'La Ceiba', 8),
(306, 'La Gloria', 8),
(307, 'La Guadalupe', 8),
(308, 'La Herradura', 8),
(309, 'La Isla', 8),
(310, 'La Palma', 8),
(311, 'La Reforma', 8),
(312, 'La Trinidad', 8),
(313, 'La Unión', 8),
(314, 'Las Delicias', 8),
(315, 'Las Garzas', 8),
(316, 'Loma Bonita', 8),
(317, 'Manuel Buelta', 8),
(318, 'Mariano Abasolo', 8),
(319, 'Miramar', 8),
(320, 'Montalbán', 8),
(321, 'Monte Grande', 8),
(322, 'Nueva Esperanza', 8),
(323, 'Ocuapan', 8),
(324, 'Paso del Cerro', 8),
(325, 'Pejelagarto', 8),
(326, 'Pénjamo', 8),
(327, 'Plan de Ayala', 8),
(328, 'Playa Bonita', 8),
(329, 'Polo I', 8),
(330, 'Polo II', 8),
(331, 'Polo III', 8),
(332, 'Pueblo Nuevo', 8),
(333, 'Rancho Nuevo', 8),
(334, 'Río Seco', 8),
(335, 'Roberto Madrazo', 8),
(336, 'San Fernando', 8),
(337, 'San Marcos', 8),
(338, 'San Miguel', 8),
(339, 'Santa Ana', 8),
(340, 'Santa Catalina', 8),
(341, 'Santa Cruz', 8),
(342, 'Santa Elena', 8),
(343, 'Santa Margarita', 8),
(344, 'Santa Rita', 8),
(345, 'Santa Rosa', 8),
(346, 'Sebastián Lerdo de Tejada', 8),
(347, 'Soyataco', 8),
(348, 'Tamarindo', 8),
(349, 'Tierra Colorada', 8),
(350, 'Tomás Garrido', 8),
(351, 'Torres', 8),
(352, 'Tres del Mayo', 8),
(353, 'Tulipanes', 8),
(354, 'Venecia', 8),
(355, 'Villa Flores', 8),
(356, 'Zapotal', 8),
(357, 'Benito Juárez', 9),
(358, 'Buena Vista', 9),
(359, 'El Recreo', 9),
(360, 'Francisco Villa', 9),
(361, 'Jalapa Centro', 9),
(362, 'José María Morelos', 9),
(363, 'La Esperanza', 9),
(364, 'La Gloria', 9),
(365, 'La Libertad', 9),
(366, 'La Unión', 9),
(367, 'Las Margaritas', 9),
(368, 'Monte de Oro', 9),
(369, 'Piedra Labrada', 9),
(370, 'Progreso', 9),
(371, 'Río Seco', 9),
(372, 'San Antonio', 9),
(373, 'San Fernando', 9),
(374, 'San Luis', 9),
(375, 'San Pedro', 9),
(376, 'Santa Clara', 9),
(377, 'Santa Cruz', 9),
(378, 'Vicente Guerrero', 9),
(379, 'Amatitán', 10),
(380, 'Ayapa', 10),
(381, 'Benito Juárez', 10),
(382, 'Buenavista', 10),
(383, 'Casa Blanca', 10),
(384, 'Chacalapa', 10),
(385, 'El Carmen', 10),
(386, 'El Jobo', 10),
(387, 'Jalpa de Méndez Centro', 10),
(388, 'Jahuacte', 10),
(389, 'Jiménez', 10),
(390, 'La Concepción', 10),
(391, 'La Escalera', 10),
(392, 'La Piedad', 10),
(393, 'La Trinidad', 10),
(394, 'Las Angelitas', 10),
(395, 'Malpaso', 10),
(396, 'Miramar', 10),
(397, 'Nabor Cornelio', 10),
(398, 'Nueva Esperanza', 10),
(399, 'Palo Mulato', 10),
(400, 'Paso de Cupilco', 10),
(401, 'Pedregal Moctezuma', 10),
(402, 'Reforma', 10),
(403, 'San Antonio', 10),
(404, 'San Isidro', 10),
(405, 'San Lorenzo', 10),
(406, 'Santa Ana', 10),
(407, 'Santa Cruz', 10),
(408, 'Soyataco', 10),
(409, 'Tierra Adentro', 10),
(410, 'Tierra Amarilla', 10),
(411, 'Villa Adolfo López Mateos', 10),
(412, 'Atenas', 11),
(413, 'Bodegas', 11),
(414, 'Buenavista', 11),
(415, 'Buenos Aires', 11),
(416, 'Chichicastle', 11),
(417, 'Chinalito', 11),
(418, 'Corregidora Ortiz', 11),
(419, 'Ejido Arroyo', 11),
(420, 'El Porvenir', 11),
(421, 'Hermenegildo Galeana', 11),
(422, 'Jalapón', 11),
(423, 'Jonuta Centro', 11),
(424, 'José Narciso Rovirosa', 11),
(425, 'Justo Sierra', 11),
(426, 'La Ceibita', 11),
(427, 'La Cruz', 11),
(428, 'Las Guácimas', 11),
(429, 'Los Pájaros', 11),
(430, 'Monte Grande', 11),
(431, 'Nueva Esperanza', 11),
(432, 'Nueva Unión', 11),
(433, 'Palomas', 11),
(434, 'Pino Suárez', 11),
(435, 'Playa Larga', 11),
(436, 'Pueblo Nuevo', 11),
(437, 'Rancho Nuevo', 11),
(438, 'Reforma Agraria', 11),
(439, 'San Antonio', 11),
(440, 'San Isidro', 11),
(441, 'San José', 11),
(442, 'San Juan', 11),
(443, 'San Nicolás', 11),
(444, 'San Pedro', 11),
(445, 'Santa Cruz', 11),
(446, 'Santa Rita', 11),
(447, 'Tierra y Libertad', 11),
(448, 'Vicente Guerrero', 11),
(449, 'Zaragoza', 11),
(450, 'Buenos Aires', 12),
(451, 'Burócratas', 12),
(452, 'Cacahuatalillo', 12),
(453, 'Campo Deportivo', 12),
(454, 'Carlos Greene 1ra. Sección', 12),
(455, 'Carlos Greene 2da. Sección', 12),
(456, 'Carmen Serdán', 12),
(457, 'Castro y Güiro', 12),
(458, 'Celia González de Rovirosa', 12),
(459, 'Chilapilla 1ra. Sección', 12),
(460, 'Chilapilla 2da. Sección', 12),
(461, 'Chiquihuite', 12),
(462, 'Chivalito 2da. Sección', 12),
(463, 'Chivalito 4ta. Sección', 12),
(464, 'Clemente Reyes 1ra. Sección', 12),
(465, 'Clemente Reyes 2da. Sección', 12),
(466, 'Clemente Reyes 3ra. Sección', 12),
(467, 'Corralillo 1ra. Sección', 12),
(468, 'Corralillo 2da. Sección', 12),
(469, 'Crucifijo', 12),
(470, 'Del Canal', 12),
(471, 'Divino Misterio', 12),
(472, 'El Castaño', 12),
(473, 'El Recuerdo', 12),
(474, 'El Refugio', 12),
(475, 'El Triunfo 1ra. Sección', 12),
(476, 'El Triunfo 2da. Sección', 12),
(477, 'El Triunfo 3ra. Sección', 12),
(478, 'Emiliano Zapata 1ra. Sección', 12),
(479, 'Emiliano Zapata 2da. Sección', 12),
(480, 'Florida', 12),
(481, 'Francisco I. Madero Alto 1ra. Sección', 12),
(482, 'Francisco I. Madero Alto 2da. Sección', 12),
(483, 'Francisco Javier Mina', 12),
(484, 'Francisco Villa', 12),
(485, 'Galeana', 12),
(486, 'Garcí Gilberto Suárez Torres', 12),
(487, 'Gregorio Méndez 1ra. Sección', 12),
(488, 'Gregorio Méndez 2da. Sección', 12),
(489, 'Guadalupe Victoria', 12),
(490, 'Guatemala', 12),
(491, 'Guillermo Prieto', 12),
(492, 'Gustavo A. Madero', 12),
(493, 'Hermenegildo Galeana (El Chivero)', 12),
(494, 'Independencia', 12),
(495, 'Ingenieros', 12),
(496, 'Isamate y Chilapilla', 12),
(497, 'Jose Colomo', 12),
(498, 'Josefa Ortiz de Domínguez', 12),
(499, 'Juan C. Becerra', 12),
(500, 'Justo Sierra', 12),
(501, 'La Alianza', 12),
(502, 'La Ceiba (El Triunfo 3ra. Sección)', 12),
(503, 'La Curva', 12),
(504, 'La Escalera', 12),
(505, 'La Isla 1ra. Sección', 12),
(506, 'La Pitaya', 12),
(507, 'Las Campanas', 12),
(508, 'Las Delicias', 12),
(509, 'Las Ferias', 12),
(510, 'Las Palomas', 12),
(511, 'La Unión', 12),
(512, 'Lázaro Cárdenas 1ra. Sección', 12),
(513, 'Lázaro Cárdenas 2da. Sección', 12),
(514, 'Lerdo de Tejada 1ra. Sección', 12),
(515, 'Lerdo de Tejada 2da. Sección', 12),
(516, 'Limbano Blandín', 12),
(517, 'Limón 1ra. Sección', 12),
(518, 'Limón 1ra. Sector A', 12),
(519, 'Limón 1ra. Sector C', 12),
(520, 'Linda Vista', 12),
(521, 'Loma Linda', 12),
(522, 'López Portillo', 12),
(523, 'Los Arbolitos', 12),
(524, 'Los Ateos', 12),
(525, 'Los Gatos', 12),
(526, 'Los Naranjos 1ra. Sección', 12),
(527, 'Los Naranjos 2da. Sección', 12),
(528, 'Luis Donaldo Colosio', 12),
(529, 'Macuspana Centro Municipal', 12),
(530, 'Manuel Vargas Ramírez', 12),
(531, 'Mariano Matamoros', 12),
(532, 'Melchor Ocampo 1ra. Sección', 12),
(533, 'Melchor Ocampo 2da. Sección', 12),
(534, 'Miguel Allende', 12),
(535, 'Miguel Hidalgo 1ra. Sección', 12),
(536, 'Miguel Hidalgo 2da. Sección', 12),
(537, 'Miguel Orrico de los Llanos', 12),
(538, 'Monte Adentro', 12),
(539, 'Monte Grande', 12),
(540, 'Monte Largo 1ra. Sección', 12),
(541, 'Monte Largo 2da. Sección', 12),
(542, 'Monte Largo 3ra. Sección', 12),
(543, 'Nueva Imagen', 12),
(544, 'Obrera', 12),
(545, 'PEMEX Primavera', 12),
(546, 'Puxcatán', 12),
(547, 'San Carlos', 12),
(548, 'San Fernando', 12),
(549, 'San Joaquín', 12),
(550, 'San Pedro', 12),
(551, 'Santa Cruz', 12),
(552, 'Santo Domingo', 12),
(553, 'Tapijulapa', 12),
(554, 'Tecomazuchil', 12),
(555, 'Tejería', 12),
(556, 'Tepeyac', 12),
(557, 'Tres de Mayo', 12),
(558, 'Tulijá', 12),
(559, 'Vicente Guerrero', 12),
(560, 'Villahermosa', 12),
(561, 'Zaragoza', 12),
(562, 'Arroyo', 13),
(563, 'Arroyo Laras', 13),
(564, 'Ayapa', 13),
(565, 'Banderas', 13),
(566, 'Belén', 12),
(567, 'Benito González', 13),
(568, 'Boquiñao', 13),
(569, 'Cacao', 13),
(570, 'Casa Blanca', 13),
(571, 'Celestino Grajales', 13),
(572, 'Cocoyol', 13),
(573, 'Coronel Traconis', 13),
(574, 'Corregidora Ortiz', 13),
(575, 'El Carmen', 13),
(576, 'El Cedral', 13),
(577, 'El Higuito', 13),
(578, 'El Porvenir', 13),
(579, 'El Tigre', 13),
(580, 'Emiliano Zapata', 13),
(581, 'Felipe Carrillo Puerto', 13),
(582, 'Guatacalca', 13),
(583, 'Guaytalpa', 13),
(584, 'Guaytalpa 1ra. Sección', 13),
(585, 'Guaytalpa 2da. Sección', 13),
(586, 'Gutiérrez Gómez', 13),
(587, 'Jahuacte', 13),
(588, 'Jalapa', 13),
(589, 'Jiménez', 13),
(590, 'Loma de Caballo', 13),
(591, 'Loma del Gallo', 13),
(592, 'Los Naranjos', 13),
(593, 'Mecoacán', 13),
(594, 'Monte Grande', 13),
(595, 'Oxiacaque', 13),
(596, 'Pastal', 13),
(597, 'Pechucalco', 13),
(598, 'Pitahaya', 13),
(599, 'Plátano y Cacao', 13),
(600, 'Pomoca', 13),
(601, 'Puxcatán', 13),
(602, 'Puerto Ceiba', 13),
(603, 'Puerto Escondido', 13),
(604, 'Rivera Alta', 13),
(605, 'Rovirosa', 13),
(606, 'Saloya 1ra. Sección', 13),
(607, 'Saloya 2da. Sección', 13),
(608, 'Saloya 3ra. Sección', 13),
(609, 'San José', 13),
(610, 'Santa Ana', 13),
(611, 'Soyataco', 13),
(612, 'Tucta', 13),
(613, 'Tumbuluchan', 13),
(614, 'Vicente Guerrero', 13),
(615, 'Adalberto Santos', 14),
(616, 'Andrés García la Isla', 14),
(617, 'Aquiles Serdán', 14),
(618, 'Arauz Quintín', 14),
(619, 'Barra de Tupilco', 14),
(620, 'Blancas Mariposas', 14),
(621, 'Campestre del Lago', 14),
(622, 'Carlos A Madrazo Becerra', 14),
(623, 'Carrizal Puerto', 14),
(624, 'Ceiba Puerto', 14),
(625, 'Chilpetec Sección Banco', 14),
(626, 'Chiltepec', 14),
(627, 'Coquito', 14),
(628, 'Costa Real', 14),
(629, 'El Limón', 14),
(630, 'El Limoncito', 14),
(631, 'Empleados de Confianza', 14),
(632, 'Escribano', 14),
(633, 'Fonhapo', 14),
(634, 'Francisco I. Madero', 14),
(635, 'González', 14),
(636, 'Guanajay', 14),
(637, 'Guano Solo', 14),
(638, 'Hueso de Puerco (Colonia Quintín Arauz)', 14),
(639, 'Jose Maria Morelos', 14),
(640, 'La Ceiba', 14),
(641, 'La Continuidad', 14),
(642, 'La Deportiva', 14),
(643, 'Las Flores', 14),
(644, 'Las Flores 1a Sección', 14),
(645, 'Las Flores 2a Sección', 14),
(646, 'Las Flores 3a Sección', 14),
(647, 'Las Palmas', 14),
(648, 'Lázaro Cárdenas', 14),
(649, 'Libertad 1a Sección', 14),
(650, 'Libertad 2a Sección', 14),
(651, 'Los Cocos', 14),
(652, 'Los Mangos', 14),
(653, 'Magisterial', 14),
(654, 'Miguel de La Madrid', 14),
(655, 'Moctezuma', 14),
(656, 'Moctezuma 1', 14),
(657, 'Moctezuma 2', 14),
(658, 'Moctezuma 3a Sección', 14),
(659, 'Monte Adentro', 14),
(660, 'Nicolás Bravo', 14),
(661, 'Nicolás Bravo 1a Sección', 14),
(662, 'Nicolás Bravo 2a Sección', 14),
(663, 'Nicolás Bravo 3a Sección', 14),
(664, 'Nicolás Bravo 4a Sección', 14),
(665, 'Nicolás Bravo 5a Sección', 14),
(666, 'Nuevo Torno Largo', 14),
(667, 'Oriente 1a Sección', 14),
(668, 'Oriente 2a Sección (Palma Hueca)', 14),
(669, 'Oriente Sección Hormiguero', 14),
(670, 'Palestina', 14),
(671, 'Paraíso Centro', 14),
(672, 'Paso el Bellote', 14),
(673, 'Pénjamo', 14),
(674, 'Petrolera', 14),
(675, 'Potreritos', 14),
(676, 'Primavera', 14),
(677, 'Quintín Arauz', 14),
(678, 'San Francisco', 14),
(679, 'Tilapa', 14),
(680, 'Unión 3a Sección', 14),
(681, 'Acalán', 15),
(682, 'Agua Blanca', 15),
(683, 'Barrialto', 15),
(684, 'Buena Vista', 15),
(685, 'Campo Nuevo', 15),
(686, 'Carrizal', 15),
(687, 'Chichonal', 15),
(688, 'Chilapilla', 15),
(689, 'El Carmen', 15),
(690, 'El Limón', 15),
(691, 'El Naranjo', 15),
(692, 'El Porvenir', 15),
(693, 'Guayabal', 15),
(694, 'La Gloria', 15),
(695, 'La Libertad', 15),
(696, 'Loma Bonita', 15),
(697, 'Loma Linda', 15),
(698, 'Loma Larga', 15),
(699, 'Loma Verde', 15),
(700, 'Los Mangos', 15),
(701, 'Nuevo Paraíso', 15),
(702, 'Ojo de Agua', 15),
(703, 'Pueblo Nuevo', 15),
(704, 'San Antonio', 15),
(705, 'San Carlos', 15),
(706, 'San Francisco', 15),
(707, 'San Isidro', 15),
(708, 'San Juan', 15),
(709, 'San Pedro', 15),
(710, 'Santa Cruz', 15),
(711, 'Tacotalpa Centro', 15),
(712, 'Tapijulapa', 15),
(713, 'Tres de Mayo', 15),
(714, 'Xicoténcatl', 15),
(715, 'Andrés Quintana Roo 1ra. Sección', 16),
(716, 'Andrés Quintana Roo 2da. Sección', 16),
(717, 'Andrés Quintana Roo 3ra. Sección', 16),
(718, 'Arcadio Zentella', 16),
(719, 'Benito Juárez (Colorado)', 16),
(720, 'Bosques de La Sierra', 16),
(721, 'Carlos Salinas de Gortari', 16),
(722, 'Chacuiba', 16),
(723, 'Chapultepec', 16),
(724, 'Chapultepec Colorado 1ra. Sección', 16),
(725, 'Concepción Puente Grande', 16),
(726, 'El Azufrito', 16),
(727, 'El Carmen E. Pratts', 16),
(728, 'El Cerrito', 16),
(729, 'El Chilar', 16),
(730, 'El Guanal', 16),
(731, 'Florida', 16),
(732, 'Francisco Javier Mina', 16),
(733, 'Francisco Sarabia', 16),
(734, 'Hermenegildo Galeana', 16),
(735, 'Hermenegildo Galeana 1ra. Sección (Mexiquito)', 16),
(736, 'Hermenegildo Galeana 3ra. Sección', 16),
(737, 'Ignacio Allende 1ra. Sección', 16),
(738, 'Ignacio Allende 2da. Sección', 16),
(739, 'Ignacio Allende 3ra. Sección', 16),
(740, 'Ignacio López Rayón 1ra. Sección', 16),
(741, 'Ignacio López Rayón 2da. Sección', 16),
(742, 'Independencia', 16),
(743, 'José María Morelos 1ra. Sección', 16),
(744, 'José María Morelos 2da. Sección', 16),
(745, 'El Limón', 16),
(746, 'Joyas del Pedregal', 16),
(747, 'Juan Gómez', 16),
(748, 'La Argentina', 16),
(749, 'La Ceiba', 16),
(750, 'Las Delicias', 16),
(751, 'Las Flores', 16),
(752, 'Las Gardenias', 16),
(753, 'Las Grutas', 16),
(754, 'La Sierra', 16),
(755, 'Lázaro Cárdenas', 16),
(756, 'Los Álamos', 16),
(757, 'Manuel Buelta 1ra. Sección', 16),
(758, 'Manuel Buelta 2da. Sección', 16),
(759, 'Mariano Abasolo (Abasolito)', 16),
(760, 'Mariano Matamoros', 16),
(761, 'Mariano Pedrero 1ra. Sección', 16),
(762, 'Mariano Pedrero 2da. Sección', 16),
(763, 'Mariano Pedrero 3ra. Sección', 16),
(764, 'Miguel Hidalgo 2da. Sección (San Joaquín)', 16),
(765, 'Miguel Hidalgo 4ta. Sección', 16),
(766, 'Miguel Hidalgo y Costilla 3ra. Sección (Calcinado)', 16),
(767, 'Monoshpa', 16),
(768, 'Morelia', 16),
(769, 'Nicolás Bravo 1ra. Sección', 16),
(770, 'Nicolás Bravo 2da. Sección', 16),
(771, 'Reforma', 16),
(772, 'Revolución', 16),
(773, 'San Juanito', 16),
(774, 'San Lorenzo', 16),
(775, 'San Pablo', 16),
(776, 'Santa Cruz', 16),
(777, 'Santa Irene Alvarado', 16),
(778, 'Teapa Centro', 16),
(779, 'Tejería', 16),
(780, 'Acatlipa', 17),
(781, 'Adolfo López Mateos', 17),
(782, 'Alvaro Obregón', 17),
(783, 'Arena de Hidalgo', 17),
(784, 'Benito Juárez', 17),
(785, 'Boca Del Cerro', 17),
(786, 'Brisas del Usumacinta', 17),
(787, 'Canitzan', 17),
(788, 'Canitzán 2da. Sección', 17),
(789, 'Carlos Pellicer', 17),
(790, 'Camara Centro Usumacinta', 17),
(791, 'Cereso', 17),
(792, 'Certeza', 17),
(793, 'Chaculji', 17),
(794, 'Cocoyol', 17),
(795, 'Corregidora Ortiz', 17),
(796, 'Cortijo Nuevo 1ra. Sección', 17),
(797, 'Cortijo Nuevo 2da. Sección', 17),
(798, 'Crisóforo', 17),
(799, 'China', 17),
(800, 'El Cocoyolt', 17),
(801, 'El Copo', 17),
(802, 'El Faisán 1ra. Sección', 17),
(803, 'El Faisán 2da. Sección', 17),
(804, 'El Faisán 3ra. Sección', 17),
(805, 'El Ingenio', 17),
(806, 'El Palmar', 17),
(807, 'El Pedregal', 17),
(808, 'El Pensamiento', 17),
(809, 'El Recreo', 17),
(810, 'El Repasto', 17),
(811, 'El Roblar', 17),
(812, 'Emiliano Zapata 1ra. Sección', 17),
(813, 'Emiliano Zapata 2da. Sección', 17),
(814, 'Esperanza', 17),
(815, 'Estación Nueva', 17),
(816, 'Estampilla 2da. Sección', 17),
(817, 'Estapilla', 17),
(818, 'Fonapo', 17),
(819, 'Francisco I. Madero', 17),
(820, 'Francisco I. Madero (Río)', 17),
(821, 'Francisco Villa', 17),
(822, 'Gregorio Méndez', 17),
(823, 'Guadalupe Tepeyac', 17),
(824, 'Guadalupe Victoria', 17),
(825, 'Guayacán', 17),
(826, 'Hermenegildo Galeana', 17),
(827, 'Héroes de Nacozari', 17),
(828, 'Ignacio Allende', 17),
(829, 'Ignacio Zaragoza', 17),
(830, 'Independencia', 17),
(831, 'Jardines Del Usumacinta', 17),
(832, 'José María Pino Suárez', 17),
(833, 'José María Pino Suárez 1ra. Sección', 17),
(834, 'La Certeza', 17),
(835, 'La Estancia', 17),
(836, 'La Isla', 17),
(837, 'La Palma', 17),
(838, 'La Planada', 17),
(839, 'La Trinchera', 17),
(840, 'La Última Lucha', 17),
(841, 'Lázaro Cárdenas', 17),
(842, 'Lic. Javier Rojo Gómez', 17),
(843, 'Los Angelitos', 17),
(844, 'Los Rieles de San José', 17),
(845, 'Lucio Blanco', 17),
(846, 'Luis Donaldo Colosio', 17),
(847, 'Luis Echeverría 1ra. Sección', 17),
(848, 'Luis Echeverría 2da. Sección', 17),
(849, 'Luis Gómez Zeta', 17),
(850, 'Magisterial', 17),
(851, 'María Luisa', 17),
(852, 'Miguel Hidalgo', 17),
(853, 'Miguel Hidalgo 1ra. Sección', 17),
(854, 'Miguel Hidalgo 2da. Sección', 17),
(855, 'Miguel Orrico de los Llanos', 17),
(856, 'Monte Grande', 17),
(857, 'Monte Largo 1ra. Sección', 17),
(858, 'Monte Largo 2da. Sección', 17),
(859, 'Monte Largo 3ra. Sección', 17),
(860, 'Nueva Imagen', 17),
(861, 'Obrera', 17),
(862, 'PEMEX Primavera', 17),
(863, 'Pino Suárez', 17),
(864, 'Pino Suárez 2da. Sección', 17),
(865, 'Plan de San Antonio', 17),
(866, 'Pomona', 17),
(867, 'Pomona 1ra. Sección', 17),
(868, 'Pomona 2da. Sección', 17),
(869, 'Pueblo Nuevo', 17),
(870, 'Pueblo Unido', 17),
(871, 'Punta de Montaña', 17),
(872, 'Redención del Campesino 1ra. Sección', 17),
(873, 'Reforma Agraria', 17),
(874, 'Roberto Madrazo Pintado', 17),
(875, 'San Carlos', 17),
(876, 'San Francisco', 17),
(877, 'San Isidro', 17),
(878, 'San Isidro las Pozas', 17),
(879, 'San Juan I', 17),
(880, 'San Marcos', 17),
(881, 'San Miguelito', 17),
(882, 'San Román', 17),
(883, 'Santa Bárbara', 17),
(884, 'Santa Cruz', 17),
(885, 'Santa Elena', 17),
(886, 'Santa Lucía', 17),
(887, 'Santa Rosa', 17),
(888, 'Santo Tomás', 17),
(889, 'Siquiscab', 17),
(890, 'Solidaridad', 17),
(891, 'Sueño de Oro', 17),
(892, 'Tata Lázaro', 17),
(893, 'Tenosique 1ra. Sección (El Mool)', 17),
(894, 'Tenosique 2000', 17),
(895, 'Tenosique Centro', 17),
(896, 'Unidad Habitacional Militar 38/za', 17),
(897, 'Unidad Ingratitud', 17),
(898, 'Usumacinta', 17),
(899, 'Veteranos de la Revolución', 17),
(900, 'Xotal', 17),
(901, 'Xotal 1ra. Sección', 17),
(902, 'Xotal 2da. Sección', 17);

-- --------------------------------------------------------

--
-- Estructura de tabla para la tabla `configuracion`
--

CREATE TABLE `configuracion` (
  `id` int(11) NOT NULL,
  `nombre` varchar(50) NOT NULL,
  `valor` varchar(10) NOT NULL
) ENGINE=InnoDB DEFAULT CHARSET=utf8 COLLATE=utf8_spanish2_ci;

--
-- Volcado de datos para la tabla `configuracion`
--

INSERT INTO `configuracion` (`id`, `nombre`, `valor`) VALUES
(1, 'reset_colegiatura', 'true'),
(2, 'reset_reinscripcion', 'false'),
(3, 'reset_bitacora', 'true'),
(4, 'reset_mesfepa', 'true');

-- --------------------------------------------------------

--
-- Estructura de tabla para la tabla `documentacion`
--

CREATE TABLE `documentacion` (
  `cv` int(11) NOT NULL COMMENT 'Clave de la Documentación',
  `cD` int(11) DEFAULT NULL COMMENT 'Clave Documento',
  `nC` varchar(10) DEFAULT NULL COMMENT 'Número de Control del Alumno',
  `ru` varchar(100) DEFAULT NULL COMMENT 'Ruta',
  `noDo` varchar(255) DEFAULT NULL COMMENT 'Nombre del archivo',
  `fe` datetime DEFAULT NULL COMMENT 'Fecha'
) ENGINE=InnoDB DEFAULT CHARSET=utf8 COLLATE=utf8_spanish2_ci;

--
-- Volcado de datos para la tabla `documentacion`
--

INSERT INTO `documentacion` (`cv`, `cD`, `nC`, `ru`, `noDo`, `fe`) VALUES
(193, 1, '24UIO0001', 'documentos/24UIO0001_Acta Nacimiento.pdf', 'Ficha_de_Inscripcin_23IUIO00007.pdf', '2025-01-09 10:26:31');

-- --------------------------------------------------------

--
-- Estructura de tabla para la tabla `documentos`
--

CREATE TABLE `documentos` (
  `cv` int(11) NOT NULL COMMENT 'Clave del documento',
  `do` varchar(100) NOT NULL COMMENT 'Documento',
  `cN` int(11) NOT NULL COMMENT 'Clave del nivel'
) ENGINE=InnoDB DEFAULT CHARSET=utf8 COLLATE=utf8_spanish2_ci;

--
-- Volcado de datos para la tabla `documentos`
--

INSERT INTO `documentos` (`cv`, `do`, `cN`) VALUES
(1, 'Acta Nacimiento', 1),
(2, 'Acta Nacimiento', 2),
(3, 'Acta Nacimiento', 3),
(4, 'Acta Nacimiento', 4),
(5, 'CURP', 1),
(6, 'CURP', 2),
(7, 'CURP', 3),
(8, 'CURP', 4),
(9, 'Certificado Secundaria', 1),
(10, 'Cert. Bachillerato', 2),
(11, 'Certificado Validacion', 2),
(12, 'Certificado Licenciatura', 3),
(13, 'Certificado Maestría', 4),
(14, 'Cédula Técnico (Nivelación)', 2),
(15, 'Cédula Licenciatura', 3),
(16, 'Cédula Maestría', 4),
(17, 'Título Técnico (Nivelación)', 2),
(18, 'Título Licenciatura', 3),
(19, 'Título Maestría', 4),
(20, 'Certificado Médico con Tipo de Sangre', 1),
(21, 'Certificado Médico con Tipo de Sangre', 2),
(22, 'Certificado Médico con Tipo de Sangre', 3),
(23, 'Certificado Médico con Tipo de Sangre', 4),
(24, 'Comprobante de Domicilio', 1),
(25, 'Comprobante de Domicilio', 2),
(26, 'Comprobante de Domicilio', 3),
(27, 'Comprobante de Domicilio', 4),
(28, 'INE', 1),
(29, 'INE', 2),
(30, 'INE', 3),
(31, 'INE', 4),
(32, 'Fotografia Infantil', 1),
(33, 'Fotografia Infantil', 2),
(34, 'Fotografia Infantil', 3),
(35, 'Fotografia Infantil', 4);

-- --------------------------------------------------------

--
-- Estructura de tabla para la tabla `egresados`
--

CREATE TABLE `egresados` (
  `fol` varchar(15) DEFAULT NULL COMMENT 'Folio de la inscripción',
  `nC` varchar(15) NOT NULL COMMENT 'Número de control',
  `ft` varchar(100) DEFAULT NULL COMMENT 'Foto del alumno',
  `aP` varchar(100) DEFAULT NULL COMMENT 'Apellido paterno',
  `aM` varchar(100) DEFAULT NULL COMMENT 'Apellido materno',
  `nom` varchar(100) DEFAULT NULL COMMENT 'Nombre',
  `cN` int(11) DEFAULT NULL COMMENT 'Nivel educativo',
  `cC` varchar(20) DEFAULT NULL COMMENT 'Carrera',
  `feIng` date DEFAULT NULL COMMENT 'Fecha de ingreso',
  `feEgr` date DEFAULT NULL COMMENT 'Fecha de egreso',
  `pr` float DEFAULT NULL COMMENT 'Promedio final'
) ENGINE=InnoDB DEFAULT CHARSET=utf8 COLLATE=utf8_spanish2_ci;

--
-- Volcado de datos para la tabla `egresados`
--

INSERT INTO `egresados` (`fol`, `nC`, `ft`, `aP`, `aM`, `nom`, `cN`, `cC`, `feIng`, `feEgr`, `pr`) VALUES
('23IUIO00001', '24UIO0001', 'img/mujer.jpg', 'ESTRADA', 'HERNANDEZ', 'ESTHER', 1, NULL, '2025-01-20', '2026-01-26', NULL),
('23IUIO00007', '25UIO0001', 'img/hombre.jpg', 'ANZURES', 'ZAMORA', 'EMMANUEL', 3, 'MARQ', '2025-01-09', '2025-01-09', 10);

-- --------------------------------------------------------

--
-- Estructura de tabla para la tabla `empleados`
--

CREATE TABLE `empleados` (
  `cv` int(11) NOT NULL COMMENT 'Clave del empleado',
  `nom` varchar(100) NOT NULL COMMENT 'Nombre',
  `aP` varchar(100) NOT NULL COMMENT 'Apellido Paterno',
  `aM` varchar(100) NOT NULL COMMENT 'Apellido Materno',
  `te` varchar(10) NOT NULL COMMENT 'Teléfono',
  `em` varchar(100) NOT NULL COMMENT 'Correo',
  `ca` varchar(100) NOT NULL COMMENT 'Calle',
  `cCo` int(11) NOT NULL COMMENT 'Clave colonia',
  `cR` int(11) NOT NULL COMMENT 'Clave rol',
  `su` float NOT NULL COMMENT 'sueldo'
) ENGINE=InnoDB DEFAULT CHARSET=utf8 COLLATE=utf8_spanish2_ci;

--
-- Volcado de datos para la tabla `empleados`
--

INSERT INTO `empleados` (`cv`, `nom`, `aP`, `aM`, `te`, `em`, `ca`, `cCo`, `cR`, `su`) VALUES
(19, 'ANA CRISTELL', 'LOPEZ', 'SALVADOR', '9848446448', 'anacristell2504@gmail.com', 'SAN CARLOS', 547, 4, 2000);

-- --------------------------------------------------------

--
-- Estructura de tabla para la tabla `escuelas`
--

CREATE TABLE `escuelas` (
  `cv` int(11) NOT NULL COMMENT 'Clave Registro',
  `cct` varchar(20) DEFAULT NULL COMMENT 'Clave Centro de Trabajo',
  `nC` varchar(10) DEFAULT NULL COMMENT 'Número de Control Alumno',
  `ge` varchar(50) DEFAULT NULL COMMENT 'Generación',
  `pr` float DEFAULT NULL COMMENT 'Promedio'
) ENGINE=InnoDB DEFAULT CHARSET=utf8 COLLATE=utf8_spanish2_ci;

--
-- Volcado de datos para la tabla `escuelas`
--

INSERT INTO `escuelas` (`cv`, `cct`, `nC`, `ge`, `pr`) VALUES
(118, NULL, '25UIO0001', NULL, NULL);

-- --------------------------------------------------------

--
-- Estructura de tabla para la tabla `estados`
--

CREATE TABLE `estados` (
  `cv` int(11) NOT NULL COMMENT 'Clave Estado',
  `es` varchar(100) NOT NULL COMMENT 'Estado'
) ENGINE=InnoDB DEFAULT CHARSET=utf8 COLLATE=utf8_spanish2_ci;

--
-- Volcado de datos para la tabla `estados`
--

INSERT INTO `estados` (`cv`, `es`) VALUES
(1, 'Tabasco');

-- --------------------------------------------------------

--
-- Estructura de tabla para la tabla `formapago`
--

CREATE TABLE `formapago` (
  `cv` int(11) NOT NULL COMMENT 'Clave forma de pago',
  `forma` varchar(100) NOT NULL COMMENT 'Forma de pago'
) ENGINE=InnoDB DEFAULT CHARSET=utf8 COLLATE=utf8_spanish2_ci;

--
-- Volcado de datos para la tabla `formapago`
--

INSERT INTO `formapago` (`cv`, `forma`) VALUES
(1, 'Efectivo'),
(2, 'Transferencia'),
(3, 'Tarjeta');

-- --------------------------------------------------------

--
-- Estructura de tabla para la tabla `inscripciones`
--

CREATE TABLE `inscripciones` (
  `fol` varchar(15) NOT NULL COMMENT 'Folio',
  `bandera` varchar(10) DEFAULT NULL COMMENT 'Bandera que indica si el alumno ya inició clases',
  `ft` varchar(100) DEFAULT NULL COMMENT 'Foto',
  `fe` date DEFAULT NULL COMMENT 'Fecha de la Inscripción',
  `nC` varchar(10) DEFAULT NULL COMMENT 'Número de Control Alumno',
  `cN` int(11) DEFAULT NULL COMMENT 'Clave del Nivel',
  `cC` varchar(20) DEFAULT NULL COMMENT 'Clave de la carrera',
  `feIni` date DEFAULT NULL COMMENT 'Fecha de inicio de clases',
  `feFin` date DEFAULT NULL COMMENT 'Fecha de fin de clases',
  `fePa` date DEFAULT NULL COMMENT 'Fecha de pago de colegiatura',
  `pe` varchar(15) DEFAULT NULL COMMENT 'Periodo de inicio de clases',
  `peAct` varchar(15) DEFAULT NULL COMMENT 'Periodo actual',
  `coIns` decimal(10,2) DEFAULT NULL COMMENT 'Costo de la inscripción',
  `coRei` decimal(10,2) DEFAULT NULL COMMENT 'Costo de la reinscripción',
  `coCol` decimal(10,2) DEFAULT NULL COMMENT 'Costo de la colegiatura',
  `coColOrig` decimal(10,2) NOT NULL COMMENT 'Costo original de la colegiatura',
  `incrementoCol` decimal(10,2) NOT NULL COMMENT 'Aumentos del 10% de colegiatura (si aplica)',
  `ultimoIncremento` date DEFAULT NULL COMMENT 'Fecha del ultimo incremento de colegiatura',
  `ins` varchar(25) NOT NULL COMMENT 'Indica si el alumno ya pagó su inscripción',
  `cole` varchar(25) NOT NULL COMMENT 'Indica si el alumno ya pagó su colegiatura',
  `rein` varchar(25) NOT NULL COMMENT 'Indica si el alumno ya pagó su reinscripción'
) ENGINE=InnoDB DEFAULT CHARSET=utf8 COLLATE=utf8_spanish2_ci;

--
-- Volcado de datos para la tabla `inscripciones`
--

INSERT INTO `inscripciones` (`fol`, `bandera`, `ft`, `fe`, `nC`, `cN`, `cC`, `feIni`, `feFin`, `fePa`, `pe`, `peAct`, `coIns`, `coRei`, `coCol`, `coColOrig`, `incrementoCol`, `ultimoIncremento`, `ins`, `cole`, `rein`) VALUES
('23IUIO00001', 'true', 'img/mujer.jpg', '2024-12-20', '24UIO0001', 1, NULL, '2025-01-20', '2026-01-26', '2025-01-05', 'ENE25-ABR25', 'ENE25-ABR25', 1500.00, 800.00, 500.00, 500.00, 0.00, NULL, 'Pagado', '$500.00', '$800.00'),
('23IUIO00002', 'true', 'img/hombre.jpg', '2024-12-20', '24UIO0002', 2, 'LAE', '2025-01-05', '2028-01-05', '2025-01-05', 'ENE25-ABR25', 'ENE25-ABR25', 1300.00, 1000.00, 700.00, 700.00, 0.00, NULL, 'Pagado', '$700.00', '$1,000.00'),
('23IUIO00003', 'false', 'img/hombre.jpg', '2024-12-20', '24UIO0003', 3, 'MA', '2025-05-05', '2026-09-05', '2025-05-05', 'MAY25-AGO25', 'MAY25-AGO25', 2500.00, 1800.00, 1000.00, 1000.00, 0.00, NULL, '', '', ''),
('23IUIO00004', 'false', 'img/mujer.jpg', '2024-12-20', '24UIO0004', 4, 'DJO', '2025-05-20', '2026-05-20', '2025-05-05', 'MAY25-AGO25', 'MAY25-AGO25', 2000.00, 1500.00, 1000.00, 1000.00, 0.00, NULL, '', '', ''),
('23IUIO00005', 'false', 'img/hombre.jpg', '2024-12-27', '24UIO0005', 2, 'LARQ', '2025-09-16', '2028-09-16', '2025-09-05', 'SEP25-DIC25', 'SEP25-DIC25', 1000.00, 850.00, 700.00, 700.00, 0.00, NULL, '', '', ''),
('23IUIO00006', 'false', 'img/mujer.jpg', '2024-12-27', '24UIO0006', 2, 'LARQ', '2025-09-09', '2028-09-09', '2025-09-05', 'SEP25-DIC25', 'SEP25-DIC25', 2500.00, 1500.00, 1000.00, 1000.00, 0.00, NULL, '', '', '');

-- --------------------------------------------------------

--
-- Estructura de tabla para la tabla `municipios`
--

CREATE TABLE `municipios` (
  `cv` int(11) NOT NULL COMMENT 'Clave municipio',
  `mu` varchar(100) NOT NULL COMMENT 'Municipio',
  `cE` int(11) NOT NULL COMMENT 'Clave estado'
) ENGINE=InnoDB DEFAULT CHARSET=utf8 COLLATE=utf8_spanish2_ci;

--
-- Volcado de datos para la tabla `municipios`
--

INSERT INTO `municipios` (`cv`, `mu`, `cE`) VALUES
(1, 'Balancán', 1),
(2, 'Cárdenas', 1),
(3, 'Centla', 1),
(4, 'Centro', 1),
(5, 'Comalcalco', 1),
(6, 'Cunduacán', 1),
(7, 'Emiliano Zapata', 1),
(8, 'Huimanguillo', 1),
(9, 'Jalapa', 1),
(10, 'Jalpa de Méndez', 1),
(11, 'Jonuta', 1),
(12, 'Macuspana', 1),
(13, 'Nacajuca', 1),
(14, 'Paraíso', 1),
(15, 'Tacotalpa', 1),
(16, 'Teapa', 1),
(17, 'Tenosique', 1);

-- --------------------------------------------------------

--
-- Estructura de tabla para la tabla `niveles`
--

CREATE TABLE `niveles` (
  `cv` int(11) NOT NULL COMMENT 'Clave del Nivel',
  `ni` varchar(20) NOT NULL COMMENT 'Nivel',
  `pe` int(11) NOT NULL COMMENT 'Cantidad de periodos'
) ENGINE=InnoDB DEFAULT CHARSET=utf8 COLLATE=utf8_spanish2_ci;

--
-- Volcado de datos para la tabla `niveles`
--

INSERT INTO `niveles` (`cv`, `ni`, `pe`) VALUES
(1, 'Bachillerato', 3),
(2, 'Licenciatura', 9),
(3, 'Maestría', 4),
(4, 'Doctorado', 4);

-- --------------------------------------------------------

--
-- Estructura de tabla para la tabla `pagos`
--

CREATE TABLE `pagos` (
  `fo` varchar(100) NOT NULL COMMENT 'Folio',
  `fe` date NOT NULL COMMENT 'Fecha',
  `nC` varchar(10) NOT NULL COMMENT 'Numero de Control',
  `cT` int(11) NOT NULL COMMENT 'Clave Tipo de Pago',
  `de` varchar(100) NOT NULL COMMENT 'Descripción',
  `ca` int(11) NOT NULL COMMENT 'Cantidad',
  `im` float(10,2) DEFAULT NULL COMMENT 'Importe',
  `tot` float NOT NULL COMMENT 'Total',
  `cF` int(11) NOT NULL COMMENT 'Clave Forma de Pago'
) ENGINE=InnoDB DEFAULT CHARSET=utf8 COLLATE=utf8_spanish2_ci;

--
-- Volcado de datos para la tabla `pagos`
--

INSERT INTO `pagos` (`fo`, `fe`, `nC`, `cT`, `de`, `ca`, `im`, `tot`, `cF`) VALUES
('PAUIO0001', '2025-01-10', '24UIO0001', 1, 'ABONO DE INSCRIPCIÓN', 1, 1500.00, 1500, 2),
('PAUIO0002', '2025-02-06', '24UIO0002', 1, 'ABONO DE INSCRIPCIÓN', 1, 1300.00, 1300, 1);

-- --------------------------------------------------------

--
-- Estructura de tabla para la tabla `roles`
--

CREATE TABLE `roles` (
  `cv` int(11) NOT NULL COMMENT 'Clave rol',
  `rol` varchar(50) NOT NULL COMMENT 'Rol'
) ENGINE=InnoDB DEFAULT CHARSET=utf8 COLLATE=utf8_spanish2_ci;

--
-- Volcado de datos para la tabla `roles`
--

INSERT INTO `roles` (`cv`, `rol`) VALUES
(1, 'Rector'),
(2, 'Director'),
(3, 'Academico'),
(4, 'Recepcionista');

-- --------------------------------------------------------

--
-- Estructura de tabla para la tabla `tipopago`
--

CREATE TABLE `tipopago` (
  `cv` int(11) NOT NULL COMMENT 'Clave tipo de pago',
  `tipo` varchar(100) NOT NULL COMMENT 'Tipo de pago'
) ENGINE=InnoDB DEFAULT CHARSET=utf8 COLLATE=utf8_spanish2_ci;

--
-- Volcado de datos para la tabla `tipopago`
--

INSERT INTO `tipopago` (`cv`, `tipo`) VALUES
(1, 'Inscripción'),
(2, 'Reinscripción'),
(3, 'Colegiatura'),
(4, 'Uniforme'),
(5, 'Material');

-- --------------------------------------------------------

--
-- Estructura de tabla para la tabla `tutores`
--

CREATE TABLE `tutores` (
  `cv` int(11) NOT NULL COMMENT 'Clave del Tutor',
  `cu` varchar(18) DEFAULT NULL COMMENT 'CURP',
  `nom` varchar(100) DEFAULT NULL COMMENT 'Nombre',
  `nC` varchar(10) DEFAULT NULL COMMENT 'Número de Control del Alumno',
  `pa` varchar(50) DEFAULT NULL COMMENT 'Parentesco',
  `te` varchar(10) DEFAULT NULL COMMENT 'Teléfono',
  `cCo` int(11) DEFAULT NULL COMMENT 'Clave Colonia',
  `ca` varchar(50) DEFAULT NULL COMMENT 'Calle'
) ENGINE=InnoDB DEFAULT CHARSET=utf8 COLLATE=utf8_spanish2_ci;

--
-- Volcado de datos para la tabla `tutores`
--

INSERT INTO `tutores` (`cv`, `cu`, `nom`, `nC`, `pa`, `te`, `cCo`, `ca`) VALUES
(76, 'AUVE021129HTCNLMA8', 'YAHIR GERONIMO', '24UIO0001', '', '8984123455', 547, 'SAN CARLOS'),
(77, 'FELI454545VD5FDV5D', 'YAHIR GERONIMO', '24UIO0002', 'Padre', '8984123455', 547, 'SAN CARLOS'),
(78, 'AUVE021129HTCNLMA8', 'EMMANUEL ANZURES VELAZQUEZ', '24UIO0003', 'Padrastro', '8984123455', 547, 'SAN CARLOS'),
(79, '', '', '24UIO0004', 'Padrastro', '8984123455', 387, 'SAN CARLOS'),
(80, 'FELI454545VD5FDV5D', 'FELIPE AMADO', '24UIO0005', 'Padre', '5887897879', 547, 'SAN CARLOS'),
(85, 'FER8938F3893J89JF8', 'FERNANDA BOCANEGRA', '24UIO0006', 'Madrastra', '9394844546', 547, 'SAN CARLOS'),
(203, NULL, NULL, '25UIO0001', NULL, NULL, NULL, NULL);

-- --------------------------------------------------------

--
-- Estructura de tabla para la tabla `usuarios`
--

CREATE TABLE `usuarios` (
  `cv` int(11) NOT NULL COMMENT 'Clave del Usuario',
  `us` varchar(100) DEFAULT NULL COMMENT 'Usuario',
  `co` varchar(100) DEFAULT NULL COMMENT 'Contraseña',
  `cR` int(11) DEFAULT NULL COMMENT 'Clave Rol',
  `cE` int(11) DEFAULT NULL COMMENT 'Clave Empleado'
) ENGINE=InnoDB DEFAULT CHARSET=utf8 COLLATE=utf8_spanish2_ci;

--
-- Volcado de datos para la tabla `usuarios`
--

INSERT INTO `usuarios` (`cv`, `us`, `co`, `cR`, `cE`) VALUES
(12, 'rectoria@uniolimpo.com', '$2y$10$XRY3Apson7eFmGKfbqxmyeIEboxqOZ3h0WnVbZaDMYL477X0a4lY2', 1, NULL),
(13, 'anacristell', '$2y$10$YWdLm8jq4T6AQt3GO3q0X.yD2UF3Kc3KUWFuYdBV4Hp6uTWdgfe4K', 4, 19);

--
-- Índices para tablas volcadas
--

--
-- Indices de la tabla `alumnos`
--
ALTER TABLE `alumnos`
  ADD PRIMARY KEY (`nC`),
  ADD KEY `alumnos_ibfk_1` (`cCo`),
  ADD KEY `cM` (`cM`);

--
-- Indices de la tabla `asistencias`
--
ALTER TABLE `asistencias`
  ADD PRIMARY KEY (`id`),
  ADD KEY `nC` (`nC`);

--
-- Indices de la tabla `bitacora`
--
ALTER TABLE `bitacora`
  ADD PRIMARY KEY (`cv`),
  ADD KEY `bitacora_ibfk_1` (`cU`);

--
-- Indices de la tabla `carreras`
--
ALTER TABLE `carreras`
  ADD PRIMARY KEY (`cv`),
  ADD KEY `carreras_ibfk_1` (`cN`);

--
-- Indices de la tabla `cctescuelas`
--
ALTER TABLE `cctescuelas`
  ADD PRIMARY KEY (`cct`),
  ADD KEY `mu` (`cM`);

--
-- Indices de la tabla `colonias`
--
ALTER TABLE `colonias`
  ADD PRIMARY KEY (`cv`),
  ADD KEY `colonias_ibfk_1` (`cM`);

--
-- Indices de la tabla `configuracion`
--
ALTER TABLE `configuracion`
  ADD PRIMARY KEY (`id`);

--
-- Indices de la tabla `documentacion`
--
ALTER TABLE `documentacion`
  ADD PRIMARY KEY (`cv`),
  ADD KEY `documentacion_ibfk_1` (`nC`),
  ADD KEY `documentacion_ibfk_2` (`cD`);

--
-- Indices de la tabla `documentos`
--
ALTER TABLE `documentos`
  ADD PRIMARY KEY (`cv`),
  ADD KEY `documentos_ibfk_1` (`cN`);

--
-- Indices de la tabla `egresados`
--
ALTER TABLE `egresados`
  ADD PRIMARY KEY (`nC`),
  ADD KEY `cN` (`cN`),
  ADD KEY `cC` (`cC`);

--
-- Indices de la tabla `empleados`
--
ALTER TABLE `empleados`
  ADD PRIMARY KEY (`cv`),
  ADD KEY `empleados_ibfk_1` (`cR`),
  ADD KEY `empleados_ibfk_2` (`cCo`);

--
-- Indices de la tabla `escuelas`
--
ALTER TABLE `escuelas`
  ADD PRIMARY KEY (`cv`),
  ADD KEY `escuelasprocedencia_ibfk_1` (`nC`),
  ADD KEY `escuelasprocedencia_ibfk_3` (`cct`);

--
-- Indices de la tabla `estados`
--
ALTER TABLE `estados`
  ADD PRIMARY KEY (`cv`);

--
-- Indices de la tabla `formapago`
--
ALTER TABLE `formapago`
  ADD PRIMARY KEY (`cv`);

--
-- Indices de la tabla `inscripciones`
--
ALTER TABLE `inscripciones`
  ADD PRIMARY KEY (`fol`),
  ADD KEY `inscripciones_ibfk_1` (`nC`),
  ADD KEY `inscripciones_ibfk_2` (`cC`),
  ADD KEY `inscripciones_ibfk_3` (`cN`);

--
-- Indices de la tabla `municipios`
--
ALTER TABLE `municipios`
  ADD PRIMARY KEY (`cv`),
  ADD KEY `municipios_ibfk_1` (`cE`);

--
-- Indices de la tabla `niveles`
--
ALTER TABLE `niveles`
  ADD PRIMARY KEY (`cv`);

--
-- Indices de la tabla `pagos`
--
ALTER TABLE `pagos`
  ADD PRIMARY KEY (`fo`),
  ADD KEY `pagos_ibfk_1` (`nC`),
  ADD KEY `pagos_ibfk_2` (`cT`),
  ADD KEY `pagos_ibfk_3` (`cF`);

--
-- Indices de la tabla `roles`
--
ALTER TABLE `roles`
  ADD PRIMARY KEY (`cv`);

--
-- Indices de la tabla `tipopago`
--
ALTER TABLE `tipopago`
  ADD PRIMARY KEY (`cv`);

--
-- Indices de la tabla `tutores`
--
ALTER TABLE `tutores`
  ADD PRIMARY KEY (`cv`),
  ADD KEY `tutores_ibfk_1` (`nC`),
  ADD KEY `tutores_ibfk_2` (`cCo`);

--
-- Indices de la tabla `usuarios`
--
ALTER TABLE `usuarios`
  ADD PRIMARY KEY (`cv`),
  ADD KEY `usuarios_ibfk_1` (`cR`),
  ADD KEY `usuarios_ibfk_2` (`cE`);

--
-- AUTO_INCREMENT de las tablas volcadas
--

--
-- AUTO_INCREMENT de la tabla `asistencias`
--
ALTER TABLE `asistencias`
  MODIFY `id` int(11) NOT NULL AUTO_INCREMENT, AUTO_INCREMENT=55;

--
-- AUTO_INCREMENT de la tabla `bitacora`
--
ALTER TABLE `bitacora`
  MODIFY `cv` int(11) NOT NULL AUTO_INCREMENT COMMENT 'Clave de Registro', AUTO_INCREMENT=2276;

--
-- AUTO_INCREMENT de la tabla `configuracion`
--
ALTER TABLE `configuracion`
  MODIFY `id` int(11) NOT NULL AUTO_INCREMENT, AUTO_INCREMENT=6;

--
-- AUTO_INCREMENT de la tabla `documentacion`
--
ALTER TABLE `documentacion`
  MODIFY `cv` int(11) NOT NULL AUTO_INCREMENT COMMENT 'Clave de la Documentación', AUTO_INCREMENT=194;

--
-- AUTO_INCREMENT de la tabla `documentos`
--
ALTER TABLE `documentos`
  MODIFY `cv` int(11) NOT NULL AUTO_INCREMENT COMMENT 'Clave del documento', AUTO_INCREMENT=62;

--
-- AUTO_INCREMENT de la tabla `empleados`
--
ALTER TABLE `empleados`
  MODIFY `cv` int(11) NOT NULL AUTO_INCREMENT COMMENT 'Clave del empleado', AUTO_INCREMENT=44;

--
-- AUTO_INCREMENT de la tabla `escuelas`
--
ALTER TABLE `escuelas`
  MODIFY `cv` int(11) NOT NULL AUTO_INCREMENT COMMENT 'Clave Registro', AUTO_INCREMENT=120;

--
-- AUTO_INCREMENT de la tabla `formapago`
--
ALTER TABLE `formapago`
  MODIFY `cv` int(11) NOT NULL AUTO_INCREMENT COMMENT 'Clave forma de pago', AUTO_INCREMENT=4;

--
-- AUTO_INCREMENT de la tabla `niveles`
--
ALTER TABLE `niveles`
  MODIFY `cv` int(11) NOT NULL AUTO_INCREMENT COMMENT 'Clave del Nivel', AUTO_INCREMENT=5;

--
-- AUTO_INCREMENT de la tabla `roles`
--
ALTER TABLE `roles`
  MODIFY `cv` int(11) NOT NULL AUTO_INCREMENT COMMENT 'Clave rol', AUTO_INCREMENT=5;

--
-- AUTO_INCREMENT de la tabla `tipopago`
--
ALTER TABLE `tipopago`
  MODIFY `cv` int(11) NOT NULL AUTO_INCREMENT COMMENT 'Clave tipo de pago', AUTO_INCREMENT=6;

--
-- AUTO_INCREMENT de la tabla `tutores`
--
ALTER TABLE `tutores`
  MODIFY `cv` int(11) NOT NULL AUTO_INCREMENT COMMENT 'Clave del Tutor', AUTO_INCREMENT=205;

--
-- AUTO_INCREMENT de la tabla `usuarios`
--
ALTER TABLE `usuarios`
  MODIFY `cv` int(11) NOT NULL AUTO_INCREMENT COMMENT 'Clave del Usuario', AUTO_INCREMENT=37;

--
-- Restricciones para tablas volcadas
--

--
-- Filtros para la tabla `alumnos`
--
ALTER TABLE `alumnos`
  ADD CONSTRAINT `alumnos_ibfk_1` FOREIGN KEY (`cCo`) REFERENCES `colonias` (`cv`),
  ADD CONSTRAINT `alumnos_ibfk_2` FOREIGN KEY (`cM`) REFERENCES `sigeauiopruebas`.`municipios` (`cv`);

--
-- Filtros para la tabla `asistencias`
--
ALTER TABLE `asistencias`
  ADD CONSTRAINT `asistencias_ibfk_1` FOREIGN KEY (`nC`) REFERENCES `alumnos` (`nC`) ON DELETE CASCADE;

--
-- Filtros para la tabla `bitacora`
--
ALTER TABLE `bitacora`
  ADD CONSTRAINT `bitacora_ibfk_1` FOREIGN KEY (`cU`) REFERENCES `sigeauiopruebas`.`usuarios` (`cv`);

--
-- Filtros para la tabla `carreras`
--
ALTER TABLE `carreras`
  ADD CONSTRAINT `carreras_ibfk_1` FOREIGN KEY (`cN`) REFERENCES `sigeauiopruebas`.`niveles` (`cv`);

--
-- Filtros para la tabla `cctescuelas`
--
ALTER TABLE `cctescuelas`
  ADD CONSTRAINT `cctescuelas_ibfk_1` FOREIGN KEY (`cM`) REFERENCES `sigeauiopruebas`.`municipios` (`cv`);

--
-- Filtros para la tabla `colonias`
--
ALTER TABLE `colonias`
  ADD CONSTRAINT `colonias_ibfk_1` FOREIGN KEY (`cM`) REFERENCES `sigeauiopruebas`.`municipios` (`cv`);

--
-- Filtros para la tabla `documentacion`
--
ALTER TABLE `documentacion`
  ADD CONSTRAINT `documentacion_ibfk_1` FOREIGN KEY (`nC`) REFERENCES `alumnos` (`nC`),
  ADD CONSTRAINT `documentacion_ibfk_2` FOREIGN KEY (`cD`) REFERENCES `documentos` (`cv`);

--
-- Filtros para la tabla `documentos`
--
ALTER TABLE `documentos`
  ADD CONSTRAINT `documentos_ibfk_1` FOREIGN KEY (`cN`) REFERENCES `sigeauiopruebas`.`niveles` (`cv`);

--
-- Filtros para la tabla `egresados`
--
ALTER TABLE `egresados`
  ADD CONSTRAINT `egresados_ibfk_1` FOREIGN KEY (`cC`) REFERENCES `carreras` (`cv`),
  ADD CONSTRAINT `egresados_ibfk_2` FOREIGN KEY (`cN`) REFERENCES `sigeauiopruebas`.`niveles` (`cv`);

--
-- Filtros para la tabla `empleados`
--
ALTER TABLE `empleados`
  ADD CONSTRAINT `empleados_ibfk_1` FOREIGN KEY (`cR`) REFERENCES `sigeauiopruebas`.`roles` (`cv`),
  ADD CONSTRAINT `empleados_ibfk_2` FOREIGN KEY (`cCo`) REFERENCES `colonias` (`cv`);

--
-- Filtros para la tabla `escuelas`
--
ALTER TABLE `escuelas`
  ADD CONSTRAINT `escuelas_ibfk_1` FOREIGN KEY (`nC`) REFERENCES `alumnos` (`nC`),
  ADD CONSTRAINT `escuelas_ibfk_3` FOREIGN KEY (`cct`) REFERENCES `cctescuelas` (`cct`);

--
-- Filtros para la tabla `inscripciones`
--
ALTER TABLE `inscripciones`
  ADD CONSTRAINT `inscripciones_ibfk_1` FOREIGN KEY (`nC`) REFERENCES `alumnos` (`nC`),
  ADD CONSTRAINT `inscripciones_ibfk_2` FOREIGN KEY (`cC`) REFERENCES `carreras` (`cv`),
  ADD CONSTRAINT `inscripciones_ibfk_3` FOREIGN KEY (`cN`) REFERENCES `sigeauiopruebas`.`niveles` (`cv`);

--
-- Filtros para la tabla `municipios`
--
ALTER TABLE `municipios`
  ADD CONSTRAINT `municipios_ibfk_1` FOREIGN KEY (`cE`) REFERENCES `estados` (`cv`);

--
-- Filtros para la tabla `pagos`
--
ALTER TABLE `pagos`
  ADD CONSTRAINT `pagos_ibfk_1` FOREIGN KEY (`nC`) REFERENCES `alumnos` (`nC`),
  ADD CONSTRAINT `pagos_ibfk_2` FOREIGN KEY (`cT`) REFERENCES `tipopago` (`cv`),
  ADD CONSTRAINT `pagos_ibfk_3` FOREIGN KEY (`cF`) REFERENCES `formapago` (`cv`);

--
-- Filtros para la tabla `tutores`
--
ALTER TABLE `tutores`
  ADD CONSTRAINT `tutores_ibfk_1` FOREIGN KEY (`nC`) REFERENCES `alumnos` (`nC`),
  ADD CONSTRAINT `tutores_ibfk_2` FOREIGN KEY (`cCo`) REFERENCES `colonias` (`cv`);

--
-- Filtros para la tabla `usuarios`
--
ALTER TABLE `usuarios`
  ADD CONSTRAINT `usuarios_ibfk_1` FOREIGN KEY (`cR`) REFERENCES `roles` (`cv`),
  ADD CONSTRAINT `usuarios_ibfk_2` FOREIGN KEY (`cE`) REFERENCES `empleados` (`cv`);
COMMIT;

/*!40101 SET CHARACTER_SET_CLIENT=@OLD_CHARACTER_SET_CLIENT */;
/*!40101 SET CHARACTER_SET_RESULTS=@OLD_CHARACTER_SET_RESULTS */;
/*!40101 SET COLLATION_CONNECTION=@OLD_COLLATION_CONNECTION */;
